1,0,23,279
1,0,23,280
1,0,23,281
1,0,23,282
1,0,23,283
1,0,23,284
1,0,23,285
1,0,23,286
1,0,23,287
1,0,23,288
1,0,23,289
1,0,23,290
1,0,23,291
1,0,23,292
1,0,24,269
1,0,24,270
1,0,24,271
1,0,24,272
1,0,24,273
1,0,24,274
1,0,24,275
1,0,24,276
1,0,24,277
1,0,24,278
1,0,24,279
1,0,24,280
1,0,24,281
1,0,24,282
1,0,24,283
1,0,24,284
1,0,24,285
1,0,24,286
1,0,24,287
1,0,24,288
1,0,24,289
1,0,24,290
1,0,24,291
1,0,24,292
1,0,24,293
1,0,24,294
1,0,24,295
1,0,24,296
1,0,24,297
1,0,24,298
1,0,24,299
1,0,24,300
1,0,24,301
1,0,24,302
1,0,25,264
1,0,25,265
1,0,25,266
1,0,25,267
1,0,25,268
1,0,25,269
1,0,25,270
1,0,25,271
1,0,25,272
1,0,25,273
1,0,25,274
1,0,25,275
1,0,25,276
1,0,25,277
1,0,25,278
1,0,25,279
1,0,25,280
1,0,25,281
1,0,25,282
1,0,25,283
1,0,25,284
1,0,25,285
1,0,25,286
1,0,25,287
1,0,25,288
1,0,25,289
1,0,25,290
1,0,25,291
1,0,25,292
1,0,25,293
1,0,25,294
1,0,25,295
1,0,25,296
1,0,25,297
1,0,25,298
1,0,25,299
1,0,25,300
1,0,25,301
1,0,25,302
1,0,25,303
1,0,25,304
1,0,25,305
1,0,25,306
1,0,25,307
1,0,25,308
1,0,26,259
1,0,26,260
1,0,26,261
1,0,26,262
1,0,26,263
1,0,26,264
1,0,26,265
1,0,26,266
1,0,26,267
1,0,26,268
1,0,26,269
1,0,26,270
1,0,26,271
1,0,26,272
1,0,26,273
1,0,26,274
1,0,26,275
1,0,26,276
1,0,26,277
1,0,26,278
1,0,26,279
1,0,26,280
1,0,26,292
1,0,26,293
1,0,26,294
1,0,26,295
1,0,26,296
1,0,26,297
1,0,26,298
1,0,26,299
1,0,26,300
1,0,26,301
1,0,26,302
1,0,26,303
1,0,26,304
1,0,26,305
1,0,26,306
1,0,26,307
1,0,26,308
1,0,26,309
1,0,26,310
1,0,26,311
1,0,26,312
1,0,26,313
1,0,27,255
1,0,27,256
1,0,27,257
1,0,27,258
1,0,27,259
1,0,27,260
1,0,27,261
1,0,27,262
1,0,27,263
1,0,27,264
1,0,27,265
1,0,27,266
1,0,27,267
1,0,27,268
1,0,27,269
1,0,27,302
1,0,27,303
1,0,27,304
1,0,27,305
1,0,27,306
1,0,27,307
1,0,27,308
1,0,27,309
1,0,27,310
1,0,27,311
1,0,27,312
1,0,27,313
1,0,27,314
1,0,27,315
1,0,27,316
1,0,27,317
1,0,28,252
1,0,28,253
1,0,28,254
1,0,28,255
1,0,28,256
1,0,28,257
1,0,28,258
1,0,28,259
1,0,28,260
1,0,28,261
1,0,28,262
1,0,28,263
1,0,28,308
1,0,28,309
1,0,28,310
1,0,28,311
1,0,28,312
1,0,28,313
1,0,28,314
1,0,28,315
1,0,28,316
1,0,28,317
1,0,28,318
1,0,28,319
1,0,28,320
1,0,28,321
1,0,29,249
1,0,29,250
1,0,29,251
1,0,29,252
1,0,29,253
1,0,29,254
1,0,29,255
1,0,29,256
1,0,29,257
1,0,29,258
1,0,29,259
1,0,29,313
1,0,29,314
1,0,29,315
1,0,29,316
1,0,29,317
1,0,29,318
1,0,29,319
1,0,29,320
1,0,29,321
1,0,29,322
1,0,29,323
1,0,29,324
1,0,30,246
1,0,30,247
1,0,30,248
1,0,30,249
1,0,30,250
1,0,30,251
1,0,30,252
1,0,30,253
1,0,30,254
1,0,30,255
1,0,30,317
1,0,30,318
1,0,30,319
1,0,30,320
1,0,30,321
1,0,30,322
1,0,30,323
1,0,30,324
1,0,30,325
1,0,30,326
1,0,30,327
1,0,31,243
1,0,31,244
1,0,31,245
1,0,31,246
1,0,31,247
1,0,31,248
1,0,31,249
1,0,31,250
1,0,31,251
1,0,31,321
1,0,31,322
1,0,31,323
1,0,31,324
1,0,31,325
1,0,31,326
1,0,31,327
1,0,31,328
1,0,31,329
1,0,31,330
1,0,32,241
1,0,32,242
1,0,32,243
1,0,32,244
1,0,32,245
1,0,32,246
1,0,32,247
1,0,32,248
1,0,32,325
1,0,32,326
1,0,32,327
1,0,32,328
1,0,32,329
1,0,32,330
1,0,32,331
1,0,32,332
1,0,32,333
1,0,33,238
1,0,33,239
1,0,33,240
1,0,33,241
1,0,33,242
1,0,33,243
1,0,33,244
1,0,33,245
1,0,33,246
1,0,33,328
1,0,33,329
1,0,33,330
1,0,33,331
1,0,33,332
1,0,33,333
1,0,33,334
1,0,33,335
1,0,33,336
1,0,34,236
1,0,34,237
1,0,34,238
1,0,34,239
1,0,34,240
1,0,34,241
1,0,34,242
1,0,34,243
1,0,34,331
1,0,34,332
1,0,34,333
1,0,34,334
1,0,34,335
1,0,34,336
1,0,34,337
1,0,34,338
1,0,35,234
1,0,35,235
1,0,35,236
1,0,35,237
1,0,35,238
1,0,35,239
1,0,35,240
1,0,35,241
1,0,35,333
1,0,35,334
1,0,35,335
1,0,35,336
1,0,35,337
1,0,35,338
1,0,35,339
1,0,35,340
1,0,35,341
1,0,36,232
1,0,36,233
1,0,36,234
1,0,36,235
1,0,36,236
1,0,36,237
1,0,36,238
1,0,36,336
1,0,36,337
1,0,36,338
1,0,36,339
1,0,36,340
1,0,36,341
1,0,36,342
1,0,36,343
1,0,37,230
1,0,37,231
1,0,37,232
1,0,37,233
1,0,37,234
1,0,37,235
1,0,37,236
1,0,37,339
1,0,37,340
1,0,37,341
1,0,37,342
1,0,37,343
1,0,37,344
1,0,37,345
1,0,37,346
1,0,38,228
1,0,38,229
1,0,38,230
1,0,38,231
1,0,38,232
1,0,38,233
1,0,38,234
1,0,38,341
1,0,38,342
1,0,38,343
1,0,38,344
1,0,38,345
1,0,38,346
1,0,38,347
1,0,38,348
1,0,39,227
1,0,39,228
1,0,39,229
1,0,39,230
1,0,39,231
1,0,39,232
1,0,39,344
1,0,39,345
1,0,39,346
1,0,39,347
1,0,39,348
1,0,39,349
1,0,39,350
1,0,40,225
1,0,40,226
1,0,40,227
1,0,40,228
1,0,40,229
1,0,40,230
1,0,40,346
1,0,40,347
1,0,40,348
1,0,40,349
1,0,40,350
1,0,40,351
1,0,40,352
1,0,41,223
1,0,41,224
1,0,41,225
1,0,41,226
1,0,41,227
1,0,41,228
1,0,41,348
1,0,41,349
1,0,41,350
1,0,41,351
1,0,41,352
1,0,41,353
1,0,41,354
1,0,42,222
1,0,42,223
1,0,42,224
1,0,42,225
1,0,42,226
1,0,42,227
1,0,42,350
1,0,42,351
1,0,42,352
1,0,42,353
1,0,42,354
1,0,42,355
1,0,42,356
1,0,42,357
1,0,43,220
1,0,43,221
1,0,43,222
1,0,43,223
1,0,43,224
1,0,43,225
1,0,43,353
1,0,43,354
1,0,43,355
1,0,43,356
1,0,43,357
1,0,43,358
1,0,43,359
1,0,44,219
1,0,44,220
1,0,44,221
1,0,44,222
1,0,44,223
1,0,44,355
1,0,44,356
1,0,44,357
1,0,44,358
1,0,44,359
1,0,44,360
1,0,45,217
1,0,45,218
1,0,45,219
1,0,45,220
1,0,45,221
1,0,45,222
1,0,45,357
1,0,45,358
1,0,45,359
1,0,45,360
1,0,45,361
1,0,45,362
1,0,46,216
1,0,46,217
1,0,46,218
1,0,46,219
1,0,46,220
1,0,46,359
1,0,46,360
1,0,46,361
1,0,46,362
1,0,46,363
1,0,46,364
1,0,47,214
1,0,47,215
1,0,47,216
1,0,47,217
1,0,47,218
1,0,47,219
1,0,47,361
1,0,47,362
1,0,47,363
1,0,47,364
1,0,47,365
1,0,47,366
1,0,48,213
1,0,48,214
1,0,48,215
1,0,48,216
1,0,48,217
1,0,48,363
1,0,48,364
1,0,48,365
1,0,48,366
1,0,48,367
1,0,48,368
1,0,49,212
1,0,49,213
1,0,49,214
1,0,49,215
1,0,49,216
1,0,49,364
1,0,49,365
1,0,49,366
1,0,49,367
1,0,49,368
1,0,49,369
1,0,49,370
1,0,50,210
1,0,50,211
1,0,50,212
1,0,50,213
1,0,50,214
1,0,50,366
1,0,50,367
1,0,50,368
1,0,50,369
1,0,50,370
1,0,50,371
1,0,51,209
1,0,51,210
1,0,51,211
1,0,51,212
1,0,51,213
1,0,51,368
1,0,51,369
1,0,51,370
1,0,51,371
1,0,51,372
1,0,51,373
1,0,52,208
1,0,52,209
1,0,52,210
1,0,52,211
1,0,52,212
1,0,52,370
1,0,52,371
1,0,52,372
1,0,52,373
1,0,52,374
1,0,52,375
1,0,53,207
1,0,53,208
1,0,53,209
1,0,53,210
1,0,53,371
1,0,53,372
1,0,53,373
1,0,53,374
1,0,53,375
1,0,53,376
1,0,54,205
1,0,54,206
1,0,54,207
1,0,54,208
1,0,54,209
1,0,54,373
1,0,54,374
1,0,54,375
1,0,54,376
1,0,54,377
1,0,54,378
1,0,55,204
1,0,55,205
1,0,55,206
1,0,55,207
1,0,55,208
1,0,55,375
1,0,55,376
1,0,55,377
1,0,55,378
1,0,55,379
1,0,56,203
1,0,56,204
1,0,56,205
1,0,56,206
1,0,56,207
1,0,56,376
1,0,56,377
1,0,56,378
1,0,56,379
1,0,56,380
1,0,56,381
1,0,57,202
1,0,57,203
1,0,57,204
1,0,57,205
1,0,57,378
1,0,57,379
1,0,57,380
1,0,57,381
1,0,57,382
1,0,58,201
1,0,58,202
1,0,58,203
1,0,58,204
1,0,58,379
1,0,58,380
1,0,58,381
1,0,58,382
1,0,58,383
1,0,58,384
1,0,59,200
1,0,59,201
1,0,59,202
1,0,59,203
1,0,59,381
1,0,59,382
1,0,59,383
1,0,59,384
1,0,59,385
1,0,60,199
1,0,60,200
1,0,60,201
1,0,60,202
1,0,60,382
1,0,60,383
1,0,60,384
1,0,60,385
1,0,60,386
1,0,61,197
1,0,61,198
1,0,61,199
1,0,61,200
1,0,61,201
1,0,61,384
1,0,61,385
1,0,61,386
1,0,61,387
1,0,61,388
1,0,62,196
1,0,62,197
1,0,62,198
1,0,62,199
1,0,62,200
1,0,62,385
1,0,62,386
1,0,62,387
1,0,62,388
1,0,62,389
1,0,63,195
1,0,63,196
1,0,63,197
1,0,63,198
1,0,63,199
1,0,63,386
1,0,63,387
1,0,63,388
1,0,63,389
1,0,63,390
1,0,64,194
1,0,64,195
1,0,64,196
1,0,64,197
1,0,64,198
1,0,64,388
1,0,64,389
1,0,64,390
1,0,64,391
1,0,64,392
1,0,65,193
1,0,65,194
1,0,65,195
1,0,65,196
1,0,65,197
1,0,65,389
1,0,65,390
1,0,65,391
1,0,65,392
1,0,65,393
1,0,66,192
1,0,66,193
1,0,66,194
1,0,66,195
1,0,66,196
1,0,66,390
1,0,66,391
1,0,66,392
1,0,66,393
1,0,66,394
1,0,67,191
1,0,67,192
1,0,67,193
1,0,67,194
1,0,67,195
1,0,67,392
1,0,67,393
1,0,67,394
1,0,67,395
1,0,68,190
1,0,68,191
1,0,68,192
1,0,68,193
1,0,68,194
1,0,68,393
1,0,68,394
1,0,68,395
1,0,68,396
1,0,68,397
1,0,69,190
1,0,69,191
1,0,69,192
1,0,69,193
1,0,69,394
1,0,69,395
1,0,69,396
1,0,69,397
1,0,69,398
1,0,70,189
1,0,70,190
1,0,70,191
1,0,70,192
1,0,70,395
1,0,70,396
1,0,70,397
1,0,70,398
1,0,70,399
1,0,71,188
1,0,71,189
1,0,71,190
1,0,71,191
1,0,71,397
1,0,71,398
1,0,71,399
1,0,71,400
1,0,72,187
1,0,72,188
1,0,72,189
1,0,72,190
1,0,72,398
1,0,72,399
1,0,72,400
1,0,72,401
1,0,73,186
1,0,73,187
1,0,73,188
1,0,73,189
1,0,73,399
1,0,73,400
1,0,73,401
1,0,73,402
1,0,74,185
1,0,74,186
1,0,74,187
1,0,74,188
1,0,74,400
1,0,74,401
1,0,74,402
1,0,74,403
1,0,75,184
1,0,75,185
1,0,75,186
1,0,75,187
1,0,75,401
1,0,75,402
1,0,75,403
1,0,75,404
1,0,76,183
1,0,76,184
1,0,76,185
1,0,76,186
1,0,76,402
1,0,76,403
1,0,76,404
1,0,76,405
1,0,77,183
1,0,77,184
1,0,77,185
1,0,77,403
1,0,77,404
1,0,77,405
1,0,77,406
1,0,78,182
1,0,78,183
1,0,78,184
1,0,78,185
1,0,78,404
1,0,78,405
1,0,78,406
1,0,78,407
1,0,78,408
1,0,79,181
1,0,79,182
1,0,79,183
1,0,79,184
1,0,79,405
1,0,79,406
1,0,79,407
1,0,79,408
1,0,80,180
1,0,80,181
1,0,80,182
1,0,80,183
1,0,80,406
1,0,80,407
1,0,80,408
1,0,80,409
1,0,81,179
1,0,81,180
1,0,81,181
1,0,81,182
1,0,81,407
1,0,81,408
1,0,81,409
1,0,81,410
1,0,82,179
1,0,82,180
1,0,82,181
1,0,82,408
1,0,82,409
1,0,82,410
1,0,82,411
1,0,83,178
1,0,83,179
1,0,83,180
1,0,83,181
1,0,83,409
1,0,83,410
1,0,83,411
1,0,83,412
1,0,84,177
1,0,84,178
1,0,84,179
1,0,84,180
1,0,84,410
1,0,84,411
1,0,84,412
1,0,84,413
1,0,85,176
1,0,85,177
1,0,85,178
1,0,85,179
1,0,85,411
1,0,85,412
1,0,85,413
1,0,85,414
1,0,86,176
1,0,86,177
1,0,86,178
1,0,86,412
1,0,86,413
1,0,86,414
1,0,86,415
1,0,87,175
1,0,87,176
1,0,87,177
1,0,87,178
1,0,87,413
1,0,87,414
1,0,87,415
1,0,87,416
1,0,88,174
1,0,88,175
1,0,88,176
1,0,88,177
1,0,88,414
1,0,88,415
1,0,88,416
1,0,88,417
1,0,89,174
1,0,89,175
1,0,89,176
1,0,89,414
1,0,89,415
1,0,89,416
1,0,89,417
1,0,90,173
1,0,90,174
1,0,90,175
1,0,90,176
1,0,90,415
1,0,90,416
1,0,90,417
1,0,90,418
1,0,91,172
1,0,91,173
1,0,91,174
1,0,91,175
1,0,91,416
1,0,91,417
1,0,91,418
1,0,91,419
1,0,92,172
1,0,92,173
1,0,92,174
1,0,92,417
1,0,92,418
1,0,92,419
1,0,92,420
1,0,93,171
1,0,93,172
1,0,93,173
1,0,93,174
1,0,93,418
1,0,93,419
1,0,93,420
1,0,94,171
1,0,94,172
1,0,94,173
1,0,94,418
1,0,94,419
1,0,94,420
1,0,94,421
1,0,95,170
1,0,95,171
1,0,95,172
1,0,95,173
1,0,95,419
1,0,95,420
1,0,95,421
1,0,95,422
1,0,96,169
1,0,96,170
1,0,96,171
1,0,96,172
1,0,96,420
1,0,96,421
1,0,96,422
1,0,96,423
1,0,97,169
1,0,97,170
1,0,97,171
1,0,97,421
1,0,97,422
1,0,97,423
1,0,98,168
1,0,98,169
1,0,98,170
1,0,98,171
1,0,98,421
1,0,98,422
1,0,98,423
1,0,98,424
1,0,99,168
1,0,99,169
1,0,99,170
1,0,99,422
1,0,99,423
1,0,99,424
1,0,99,425
1,0,100,167
1,0,100,168
1,0,100,169
1,0,100,170
1,0,100,423
1,0,100,424
1,0,100,425
1,0,101,167
1,0,101,168
1,0,101,169
1,0,101,423
1,0,101,424
1,0,101,425
1,0,101,426
1,0,102,166
1,0,102,167
1,0,102,168
1,0,102,169
1,0,102,424
1,0,102,425
1,0,102,426
1,0,102,427
1,0,103,166
1,0,103,167
1,0,103,168
1,0,103,425
1,0,103,426
1,0,103,427
1,0,104,165
1,0,104,166
1,0,104,167
1,0,104,168
1,0,104,425
1,0,104,426
1,0,104,427
1,0,104,428
1,0,105,165
1,0,105,166
1,0,105,167
1,0,105,426
1,0,105,427
1,0,105,428
1,0,105,429
1,0,106,164
1,0,106,165
1,0,106,166
1,0,106,167
1,0,106,427
1,0,106,428
1,0,106,429
1,0,107,164
1,0,107,165
1,0,107,166
1,0,107,427
1,0,107,428
1,0,107,429
1,0,107,430
1,0,108,164
1,0,108,165
1,0,108,166
1,0,108,428
1,0,108,429
1,0,108,430
1,0,109,163
1,0,109,164
1,0,109,165
1,0,109,428
1,0,109,429
1,0,109,430
1,0,109,431
1,0,110,163
1,0,110,164
1,0,110,165
1,0,110,429
1,0,110,430
1,0,110,431
1,0,111,162
1,0,111,163
1,0,111,164
1,0,111,165
1,0,111,430
1,0,111,431
1,0,111,432
1,0,112,162
1,0,112,163
1,0,112,164
1,0,112,430
1,0,112,431
1,0,112,432
1,0,113,162
1,0,113,163
1,0,113,164
1,0,113,431
1,0,113,432
1,0,113,433
1,0,114,161
1,0,114,162
1,0,114,163
1,0,114,164
1,0,114,431
1,0,114,432
1,0,114,433
1,0,115,161
1,0,115,162
1,0,115,163
1,0,115,432
1,0,115,433
1,0,115,434
1,0,116,161
1,0,116,162
1,0,116,163
1,0,116,432
1,0,116,433
1,0,116,434
1,0,117,160
1,0,117,161
1,0,117,162
1,0,117,163
1,0,117,432
1,0,117,433
1,0,117,434
1,0,117,435
1,0,118,160
1,0,118,161
1,0,118,162
1,0,118,433
1,0,118,434
1,0,118,435
1,0,119,160
1,0,119,161
1,0,119,162
1,0,119,433
1,0,119,434
1,0,119,435
1,0,119,436
1,0,120,159
1,0,120,160
1,0,120,161
1,0,120,162
1,0,120,434
1,0,120,435
1,0,120,436
1,0,121,159
1,0,121,160
1,0,121,161
1,0,121,434
1,0,121,435
1,0,121,436
1,0,122,159
1,0,122,160
1,0,122,161
1,0,122,435
1,0,122,436
1,0,122,437
1,0,123,159
1,0,123,160
1,0,123,161
1,0,123,435
1,0,123,436
1,0,123,437
1,0,124,158
1,0,124,159
1,0,124,160
1,0,124,435
1,0,124,436
1,0,124,437
1,0,124,438
1,0,125,158
1,0,125,159
1,0,125,160
1,0,125,436
1,0,125,437
1,0,125,438
1,0,126,158
1,0,126,159
1,0,126,160
1,0,126,436
1,0,126,437
1,0,126,438
1,0,127,158
1,0,127,159
1,0,127,160
1,0,127,436
1,0,127,437
1,0,127,438
1,0,127,439
1,0,128,157
1,0,128,158
1,0,128,159
1,0,128,160
1,0,128,437
1,0,128,438
1,0,128,439
1,0,129,157
1,0,129,158
1,0,129,159
1,0,129,437
1,0,129,438
1,0,129,439
1,0,130,157
1,0,130,158
1,0,130,159
1,0,130,437
1,0,130,438
1,0,130,439
1,0,131,157
1,0,131,158
1,0,131,159
1,0,131,437
1,0,131,438
1,0,131,439
1,0,131,440
1,0,132,157
1,0,132,158
1,0,132,159
1,0,132,438
1,0,132,439
1,0,132,440
1,0,133,157
1,0,133,158
1,0,133,159
1,0,133,438
1,0,133,439
1,0,133,440
1,0,134,156
1,0,134,157
1,0,134,158
1,0,134,159
1,0,134,438
1,0,134,439
1,0,134,440
1,0,135,156
1,0,135,157
1,0,135,158
1,0,135,438
1,0,135,439
1,0,135,440
1,0,136,156
1,0,136,157
1,0,136,158
1,0,136,439
1,0,136,440
1,0,136,441
1,0,137,156
1,0,137,157
1,0,137,158
1,0,137,439
1,0,137,440
1,0,137,441
1,0,138,156
1,0,138,157
1,0,138,158
1,0,138,439
1,0,138,440
1,0,138,441
1,0,139,156
1,0,139,157
1,0,139,158
1,0,139,439
1,0,139,440
1,0,139,441
1,0,140,156
1,0,140,157
1,0,140,158
1,0,140,439
1,0,140,440
1,0,140,441
1,0,141,156
1,0,141,157
1,0,141,158
1,0,141,439
1,0,141,440
1,0,141,441
1,0,142,155
1,0,142,156
1,0,142,157
1,0,142,158
1,0,142,439
1,0,142,440
1,0,142,441
1,0,143,155
1,0,143,156
1,0,143,157
1,0,143,158
1,0,143,439
1,0,143,440
1,0,143,441
1,0,143,442
1,0,144,155
1,0,144,156
1,0,144,157
1,0,144,439
1,0,144,440
1,0,144,441
1,0,144,442
1,0,145,155
1,0,145,156
1,0,145,157
1,0,145,440
1,0,145,441
1,0,145,442
1,0,146,155
1,0,146,156
1,0,146,157
1,0,146,440
1,0,146,441
1,0,146,442
1,0,147,155
1,0,147,156
1,0,147,157
1,0,147,440
1,0,147,441
1,0,147,442
1,0,148,155
1,0,148,156
1,0,148,157
1,0,148,440
1,0,148,441
1,0,148,442
1,0,149,155
1,0,149,156
1,0,149,157
1,0,149,440
1,0,149,441
1,0,149,442
1,0,150,155
1,0,150,156
1,0,150,157
1,0,150,440
1,0,150,441
1,0,150,442
1,0,151,155
1,0,151,156
1,0,151,157
1,0,151,440
1,0,151,441
1,0,151,442
1,0,152,155
1,0,152,156
1,0,152,157
1,0,152,440
1,0,152,441
1,0,152,442
1,0,153,155
1,0,153,156
1,0,153,157
1,0,153,440
1,0,153,441
1,0,153,442
1,0,154,155
1,0,154,156
1,0,154,157
1,0,154,439
1,0,154,440
1,0,154,441
1,0,154,442
1,0,155,155
1,0,155,156
1,0,155,157
1,0,155,439
1,0,155,440
1,0,155,441
1,0,156,155
1,0,156,156
1,0,156,157
1,0,156,439
1,0,156,440
1,0,156,441
1,0,157,155
1,0,157,156
1,0,157,157
1,0,157,439
1,0,157,440
1,0,157,441
1,0,158,155
1,0,158,156
1,0,158,157
1,0,158,439
1,0,158,440
1,0,158,441
1,0,159,155
1,0,159,156
1,0,159,157
1,0,159,439
1,0,159,440
1,0,159,441
1,0,160,155
1,0,160,156
1,0,160,157
1,0,160,158
1,0,160,439
1,0,160,440
1,0,160,441
1,0,161,156
1,0,161,157
1,0,161,158
1,0,161,439
1,0,161,440
1,0,161,441
1,0,162,156
1,0,162,157
1,0,162,158
1,0,162,439
1,0,162,440
1,0,162,441
1,0,163,156
1,0,163,157
1,0,163,158
1,0,163,438
1,0,163,439
1,0,163,440
1,0,163,441
1,0,164,156
1,0,164,157
1,0,164,158
1,0,164,438
1,0,164,439
1,0,164,440
1,0,165,156
1,0,165,157
1,0,165,158
1,0,165,438
1,0,165,439
1,0,165,440
1,0,166,156
1,0,166,157
1,0,166,158
1,0,166,438
1,0,166,439
1,0,166,440
1,0,167,156
1,0,167,157
1,0,167,158
1,0,167,438
1,0,167,439
1,0,167,440
1,0,168,156
1,0,168,157
1,0,168,158
1,0,168,438
1,0,168,439
1,0,168,440
1,0,169,156
1,0,169,157
1,0,169,158
1,0,169,437
1,0,169,438
1,0,169,439
1,0,170,156
1,0,170,157
1,0,170,158
1,0,170,159
1,0,170,437
1,0,170,438
1,0,170,439
1,0,171,157
1,0,171,158
1,0,171,159
1,0,171,437
1,0,171,438
1,0,171,439
1,0,172,157
1,0,172,158
1,0,172,159
1,0,172,437
1,0,172,438
1,0,172,439
1,0,173,157
1,0,173,158
1,0,173,159
1,0,173,436
1,0,173,437
1,0,173,438
1,0,173,439
1,0,174,157
1,0,174,158
1,0,174,159
1,0,174,436
1,0,174,437
1,0,174,438
1,0,175,157
1,0,175,158
1,0,175,159
1,0,175,436
1,0,175,437
1,0,175,438
1,0,176,157
1,0,176,158
1,0,176,159
1,0,176,160
1,0,176,436
1,0,176,437
1,0,176,438
1,0,177,158
1,0,177,159
1,0,177,160
1,0,177,435
1,0,177,436
1,0,177,437
1,0,178,158
1,0,178,159
1,0,178,160
1,0,178,435
1,0,178,436
1,0,178,437
1,0,179,158
1,0,179,159
1,0,179,160
1,0,179,435
1,0,179,436
1,0,179,437
1,0,180,158
1,0,180,159
1,0,180,160
1,0,180,434
1,0,180,435
1,0,180,436
1,0,180,437
1,0,181,159
1,0,181,160
1,0,181,161
1,0,181,434
1,0,181,435
1,0,181,436
1,0,182,159
1,0,182,160
1,0,182,161
1,0,182,434
1,0,182,435
1,0,182,436
1,0,183,159
1,0,183,160
1,0,183,161
1,0,183,433
1,0,183,434
1,0,183,435
1,0,183,436
1,0,184,159
1,0,184,160
1,0,184,161
1,0,184,433
1,0,184,434
1,0,184,435
1,0,185,159
1,0,185,160
1,0,185,161
1,0,185,162
1,0,185,433
1,0,185,434
1,0,185,435
1,0,186,160
1,0,186,161
1,0,186,162
1,0,186,432
1,0,186,433
1,0,186,434
1,0,186,435
1,0,187,160
1,0,187,161
1,0,187,162
1,0,187,432
1,0,187,433
1,0,187,434
1,0,188,160
1,0,188,161
1,0,188,162
1,0,188,432
1,0,188,433
1,0,188,434
1,0,189,161
1,0,189,162
1,0,189,163
1,0,189,431
1,0,189,432
1,0,189,433
1,0,189,434
1,0,190,161
1,0,190,162
1,0,190,163
1,0,190,431
1,0,190,432
1,0,190,433
1,0,191,161
1,0,191,162
1,0,191,163
1,0,191,431
1,0,191,432
1,0,191,433
1,0,192,161
1,0,192,162
1,0,192,163
1,0,192,164
1,0,192,430
1,0,192,431
1,0,192,432
1,0,192,433
1,0,193,162
1,0,193,163
1,0,193,164
1,0,193,430
1,0,193,431
1,0,193,432
1,0,194,162
1,0,194,163
1,0,194,164
1,0,194,429
1,0,194,430
1,0,194,431
1,0,194,432
1,0,195,162
1,0,195,163
1,0,195,164
1,0,195,165
1,0,195,429
1,0,195,430
1,0,195,431
1,0,196,163
1,0,196,164
1,0,196,165
1,0,196,429
1,0,196,430
1,0,196,431
1,0,197,163
1,0,197,164
1,0,197,165
1,0,197,428
1,0,197,429
1,0,197,430
1,0,197,431
1,0,198,163
1,0,198,164
1,0,198,165
1,0,198,166
1,0,198,428
1,0,198,429
1,0,198,430
1,0,199,164
1,0,199,165
1,0,199,166
1,0,199,427
1,0,199,428
1,0,199,429
1,0,199,430
1,0,200,164
1,0,200,165
1,0,200,166
1,0,200,427
1,0,200,428
1,0,200,429
1,0,201,164
1,0,201,165
1,0,201,166
1,0,201,167
1,0,201,426
1,0,201,427
1,0,201,428
1,0,201,429
1,0,202,165
1,0,202,166
1,0,202,167
1,0,202,426
1,0,202,427
1,0,202,428
1,0,203,165
1,0,203,166
1,0,203,167
1,0,203,168
1,0,203,425
1,0,203,426
1,0,203,427
1,0,203,428
1,0,204,166
1,0,204,167
1,0,204,168
1,0,204,425
1,0,204,426
1,0,204,427
1,0,205,166
1,0,205,167
1,0,205,168
1,0,205,424
1,0,205,425
1,0,205,426
1,0,205,427
1,0,206,166
1,0,206,167
1,0,206,168
1,0,206,169
1,0,206,424
1,0,206,425
1,0,206,426
1,0,207,167
1,0,207,168
1,0,207,169
1,0,207,423
1,0,207,424
1,0,207,425
1,0,207,426
1,0,208,167
1,0,208,168
1,0,208,169
1,0,208,170
1,0,208,423
1,0,208,424
1,0,208,425
1,0,209,168
1,0,209,169
1,0,209,170
1,0,209,422
1,0,209,423
1,0,209,424
1,0,209,425
1,0,210,168
1,0,210,169
1,0,210,170
1,0,210,422
1,0,210,423
1,0,210,424
1,0,211,169
1,0,211,170
1,0,211,171
1,0,211,421
1,0,211,422
1,0,211,423
1,0,211,424
1,0,212,169
1,0,212,170
1,0,212,171
1,0,212,421
1,0,212,422
1,0,212,423
1,0,213,169
1,0,213,170
1,0,213,171
1,0,213,172
1,0,213,420
1,0,213,421
1,0,213,422
1,0,213,423
1,0,214,170
1,0,214,171
1,0,214,172
1,0,214,420
1,0,214,421
1,0,214,422
1,0,215,170
1,0,215,171
1,0,215,172
1,0,215,173
1,0,215,419
1,0,215,420
1,0,215,421
1,0,215,422
1,0,216,171
1,0,216,172
1,0,216,173
1,0,216,418
1,0,216,419
1,0,216,420
1,0,216,421
1,0,217,171
1,0,217,172
1,0,217,173
1,0,217,174
1,0,217,418
1,0,217,419
1,0,217,420
1,0,218,172
1,0,218,173
1,0,218,174
1,0,218,417
1,0,218,418
1,0,218,419
1,0,218,420
1,0,219,172
1,0,219,173
1,0,219,174
1,0,219,175
1,0,219,417
1,0,219,418
1,0,219,419
1,0,220,173
1,0,220,174
1,0,220,175
1,0,220,416
1,0,220,417
1,0,220,418
1,0,220,419
1,0,221,173
1,0,221,174
1,0,221,175
1,0,221,176
1,0,221,415
1,0,221,416
1,0,221,417
1,0,221,418
1,0,222,174
1,0,222,175
1,0,222,176
1,0,222,177
1,0,222,415
1,0,222,416
1,0,222,417
1,0,223,175
1,0,223,176
1,0,223,177
1,0,223,414
1,0,223,415
1,0,223,416
1,0,223,417
1,0,224,175
1,0,224,176
1,0,224,177
1,0,224,178
1,0,224,413
1,0,224,414
1,0,224,415
1,0,224,416
1,0,225,176
1,0,225,177
1,0,225,178
1,0,225,413
1,0,225,414
1,0,225,415
1,0,226,176
1,0,226,177
1,0,226,178
1,0,226,179
1,0,226,412
1,0,226,413
1,0,226,414
1,0,226,415
1,0,227,177
1,0,227,178
1,0,227,179
1,0,227,411
1,0,227,412
1,0,227,413
1,0,227,414
1,0,228,177
1,0,228,178
1,0,228,179
1,0,228,180
1,0,228,410
1,0,228,411
1,0,228,412
1,0,228,413
1,0,229,178
1,0,229,179
1,0,229,180
1,0,229,181
1,0,229,410
1,0,229,411
1,0,229,412
1,0,230,179
1,0,230,180
1,0,230,181
1,0,230,409
1,0,230,410
1,0,230,411
1,0,230,412
1,0,231,179
1,0,231,180
1,0,231,181
1,0,231,182
1,0,231,408
1,0,231,409
1,0,231,410
1,0,231,411
1,0,232,180
1,0,232,181
1,0,232,182
1,0,232,183
1,0,232,407
1,0,232,408
1,0,232,409
1,0,232,410
1,0,233,181
1,0,233,182
1,0,233,183
1,0,233,407
1,0,233,408
1,0,233,409
1,0,234,181
1,0,234,182
1,0,234,183
1,0,234,184
1,0,234,406
1,0,234,407
1,0,234,408
1,0,234,409
1,0,235,182
1,0,235,183
1,0,235,184
1,0,235,185
1,0,235,405
1,0,235,406
1,0,235,407
1,0,235,408
1,0,236,183
1,0,236,184
1,0,236,185
1,0,236,186
1,0,236,404
1,0,236,405
1,0,236,406
1,0,236,407
1,0,237,183
1,0,237,184
1,0,237,185
1,0,237,186
1,0,237,403
1,0,237,404
1,0,237,405
1,0,237,406
1,0,238,184
1,0,238,185
1,0,238,186
1,0,238,187
1,0,238,402
1,0,238,403
1,0,238,404
1,0,238,405
1,0,239,185
1,0,239,186
1,0,239,187
1,0,239,188
1,0,239,401
1,0,239,402
1,0,239,403
1,0,239,404
1,0,240,186
1,0,240,187
1,0,240,188
1,0,240,189
1,0,240,400
1,0,240,401
1,0,240,402
1,0,240,403
1,0,241,187
1,0,241,188
1,0,241,189
1,0,241,399
1,0,241,400
1,0,241,401
1,0,241,402
1,0,241,403
1,0,242,187
1,0,242,188
1,0,242,189
1,0,242,190
1,0,242,398
1,0,242,399
1,0,242,400
1,0,242,401
1,0,242,402
1,0,243,188
1,0,243,189
1,0,243,190
1,0,243,191
1,0,243,397
1,0,243,398
1,0,243,399
1,0,243,400
1,0,243,401
1,0,244,189
1,0,244,190
1,0,244,191
1,0,244,192
1,0,244,396
1,0,244,397
1,0,244,398
1,0,244,399
1,0,244,400
1,0,245,190
1,0,245,191
1,0,245,192
1,0,245,193
1,0,245,395
1,0,245,396
1,0,245,397
1,0,245,398
1,0,245,399
1,0,246,191
1,0,246,192
1,0,246,193
1,0,246,194
1,0,246,394
1,0,246,395
1,0,246,396
1,0,246,397
1,0,246,398
1,0,247,192
1,0,247,193
1,0,247,194
1,0,247,195
1,0,247,393
1,0,247,394
1,0,247,395
1,0,247,396
1,0,247,397
1,0,248,193
1,0,248,194
1,0,248,195
1,0,248,196
1,0,248,392
1,0,248,393
1,0,248,394
1,0,248,395
1,0,248,396
1,0,249,194
1,0,249,195
1,0,249,196
1,0,249,197
1,0,249,391
1,0,249,392
1,0,249,393
1,0,249,394
1,0,249,395
1,0,250,194
1,0,250,195
1,0,250,196
1,0,250,197
1,0,250,198
1,0,250,390
1,0,250,391
1,0,250,392
1,0,250,393
1,0,251,195
1,0,251,196
1,0,251,197
1,0,251,198
1,0,251,199
1,0,251,389
1,0,251,390
1,0,251,391
1,0,251,392
1,0,252,196
1,0,252,197
1,0,252,198
1,0,252,199
1,0,252,200
1,0,252,388
1,0,252,389
1,0,252,390
1,0,252,391
1,0,253,198
1,0,253,199
1,0,253,200
1,0,253,201
1,0,253,386
1,0,253,387
1,0,253,388
1,0,253,389
1,0,253,390
1,0,254,199
1,0,254,200
1,0,254,201
1,0,254,202
1,0,254,385
1,0,254,386
1,0,254,387
1,0,254,388
1,0,254,389
1,0,255,200
1,0,255,201
1,0,255,202
1,0,255,203
1,0,255,384
1,0,255,385
1,0,255,386
1,0,255,387
1,0,255,388
1,0,256,201
1,0,256,202
1,0,256,203
1,0,256,204
1,0,256,205
1,0,256,382
1,0,256,383
1,0,256,384
1,0,256,385
1,0,256,386
1,0,257,202
1,0,257,203
1,0,257,204
1,0,257,205
1,0,257,206
1,0,257,381
1,0,257,382
1,0,257,383
1,0,257,384
1,0,257,385
1,0,258,203
1,0,258,204
1,0,258,205
1,0,258,206
1,0,258,207
1,0,258,380
1,0,258,381
1,0,258,382
1,0,258,383
1,0,258,384
1,0,259,204
1,0,259,205
1,0,259,206
1,0,259,207
1,0,259,208
1,0,259,378
1,0,259,379
1,0,259,380
1,0,259,381
1,0,259,382
1,0,260,206
1,0,260,207
1,0,260,208
1,0,260,209
1,0,260,210
1,0,260,377
1,0,260,378
1,0,260,379
1,0,260,380
1,0,260,381
1,0,261,207
1,0,261,208
1,0,261,209
1,0,261,210
1,0,261,211
1,0,261,375
1,0,261,376
1,0,261,377
1,0,261,378
1,0,261,379
1,0,261,380
1,0,262,208
1,0,262,209
1,0,262,210
1,0,262,211
1,0,262,212
1,0,262,213
1,0,262,373
1,0,262,374
1,0,262,375
1,0,262,376
1,0,262,377
1,0,262,378
1,0,263,210
1,0,263,211
1,0,263,212
1,0,263,213
1,0,263,214
1,0,263,372
1,0,263,373
1,0,263,374
1,0,263,375
1,0,263,376
1,0,263,377
1,0,264,211
1,0,264,212
1,0,264,213
1,0,264,214
1,0,264,215
1,0,264,216
1,0,264,370
1,0,264,371
1,0,264,372
1,0,264,373
1,0,264,374
1,0,264,375
1,0,265,213
1,0,265,214
1,0,265,215
1,0,265,216
1,0,265,217
1,0,265,218
1,0,265,368
1,0,265,369
1,0,265,370
1,0,265,371
1,0,265,372
1,0,265,373
1,0,266,215
1,0,266,216
1,0,266,217
1,0,266,218
1,0,266,219
1,0,266,220
1,0,266,367
1,0,266,368
1,0,266,369
1,0,266,370
1,0,266,371
1,0,266,372
1,0,267,216
1,0,267,217
1,0,267,218
1,0,267,219
1,0,267,220
1,0,267,221
1,0,267,222
1,0,267,365
1,0,267,366
1,0,267,367
1,0,267,368
1,0,267,369
1,0,267,370
1,0,268,218
1,0,268,219
1,0,268,220
1,0,268,221
1,0,268,222
1,0,268,223
1,0,268,224
1,0,268,363
1,0,268,364
1,0,268,365
1,0,268,366
1,0,268,367
1,0,268,368
1,0,269,220
1,0,269,221
1,0,269,222
1,0,269,223
1,0,269,224
1,0,269,225
1,0,269,226
1,0,269,360
1,0,269,361
1,0,269,362
1,0,269,363
1,0,269,364
1,0,269,365
1,0,269,366
1,0,270,222
1,0,270,223
1,0,270,224
1,0,270,225
1,0,270,226
1,0,270,227
1,0,270,228
1,0,270,229
1,0,270,358
1,0,270,359
1,0,270,360
1,0,270,361
1,0,270,362
1,0,270,363
1,0,270,364
1,0,271,224
1,0,271,225
1,0,271,226
1,0,271,227
1,0,271,228
1,0,271,229
1,0,271,230
1,0,271,231
1,0,271,356
1,0,271,357
1,0,271,358
1,0,271,359
1,0,271,360
1,0,271,361
1,0,271,362
1,0,272,226
1,0,272,227
1,0,272,228
1,0,272,229
1,0,272,230
1,0,272,231
1,0,272,232
1,0,272,233
1,0,272,234
1,0,272,235
1,0,272,353
1,0,272,354
1,0,272,355
1,0,272,356
1,0,272,357
1,0,272,358
1,0,272,359
1,0,272,360
1,0,273,229
1,0,273,230
1,0,273,231
1,0,273,232
1,0,273,233
1,0,273,234
1,0,273,235
1,0,273,236
1,0,273,237
1,0,273,238
1,0,273,239
1,0,273,240
1,0,273,351
1,0,273,352
1,0,273,353
1,0,273,354
1,0,273,355
1,0,273,356
1,0,273,357
1,0,273,358
1,0,274,232
1,0,274,233
1,0,274,234
1,0,274,235
1,0,274,236
1,0,274,237
1,0,274,238
1,0,274,239
1,0,274,240
1,0,274,241
1,0,274,242
1,0,274,243
1,0,274,244
1,0,274,245
1,0,274,246
1,0,274,247
1,0,274,248
1,0,274,249
1,0,274,250
1,0,274,348
1,0,274,349
1,0,274,350
1,0,274,351
1,0,274,352
1,0,274,353
1,0,274,354
1,0,274,355
1,0,274,356
1,0,275,235
1,0,275,236
1,0,275,237
1,0,275,238
1,0,275,239
1,0,275,240
1,0,275,241
1,0,275,242
1,0,275,243
1,0,275,244
1,0,275,245
1,0,275,246
1,0,275,247
1,0,275,248
1,0,275,249
1,0,275,250
1,0,275,251
1,0,275,252
1,0,275,253
1,0,275,254
1,0,275,255
1,0,275,256
1,0,275,257
1,0,275,258
1,0,275,345
1,0,275,346
1,0,275,347
1,0,275,348
1,0,275,349
1,0,275,350
1,0,275,351
1,0,275,352
1,0,275,353
1,0,276,239
1,0,276,240
1,0,276,241
1,0,276,242
1,0,276,243
1,0,276,244
1,0,276,245
1,0,276,246
1,0,276,247
1,0,276,248
1,0,276,249
1,0,276,250
1,0,276,251
1,0,276,252
1,0,276,253
1,0,276,254
1,0,276,255
1,0,276,256
1,0,276,257
1,0,276,258
1,0,276,259
1,0,276,260
1,0,276,261
1,0,276,262
1,0,276,263
1,0,276,264
1,0,276,265
1,0,276,266
1,0,276,341
1,0,276,342
1,0,276,343
1,0,276,344
1,0,276,345
1,0,276,346
1,0,276,347
1,0,276,348
1,0,276,349
1,0,276,350
1,0,277,250
1,0,277,251
1,0,277,252
1,0,277,253
1,0,277,254
1,0,277,255
1,0,277,256
1,0,277,257
1,0,277,258
1,0,277,259
1,0,277,260
1,0,277,261
1,0,277,262
1,0,277,263
1,0,277,264
1,0,277,265
1,0,277,266
1,0,277,267
1,0,277,268
1,0,277,269
1,0,277,270
1,0,277,271
1,0,277,272
1,0,277,273
1,0,277,274
1,0,277,337
1,0,277,338
1,0,277,339
1,0,277,340
1,0,277,341
1,0,277,342
1,0,277,343
1,0,277,344
1,0,277,345
1,0,277,346
1,0,277,347
1,0,277,348
1,0,278,258
1,0,278,259
1,0,278,260
1,0,278,261
1,0,278,262
1,0,278,263
1,0,278,264
1,0,278,265
1,0,278,266
1,0,278,267
1,0,278,268
1,0,278,269
1,0,278,270
1,0,278,271
1,0,278,272
1,0,278,273
1,0,278,274
1,0,278,275
1,0,278,276
1,0,278,277
1,0,278,278
1,0,278,279
1,0,278,280
1,0,278,281
1,0,278,282
1,0,278,332
1,0,278,333
1,0,278,334
1,0,278,335
1,0,278,336
1,0,278,337
1,0,278,338
1,0,278,339
1,0,278,340
1,0,278,341
1,0,278,342
1,0,278,343
1,0,278,344
1,0,279,266
1,0,279,267
1,0,279,268
1,0,279,269
1,0,279,270
1,0,279,271
1,0,279,272
1,0,279,273
1,0,279,274
1,0,279,275
1,0,279,276
1,0,279,277
1,0,279,278
1,0,279,279
1,0,279,280
1,0,279,281
1,0,279,282
1,0,279,283
1,0,279,284
1,0,279,285
1,0,279,286
1,0,279,287
1,0,279,288
1,0,279,289
1,0,279,290
1,0,279,291
1,0,279,325
1,0,279,326
1,0,279,327
1,0,279,328
1,0,279,329
1,0,279,330
1,0,279,331
1,0,279,332
1,0,279,333
1,0,279,334
1,0,279,335
1,0,279,336
1,0,279,337
1,0,279,338
1,0,279,339
1,0,279,340
1,0,279,341
1,0,280,274
1,0,280,275
1,0,280,276
1,0,280,277
1,0,280,278
1,0,280,279
1,0,280,280
1,0,280,281
1,0,280,282
1,0,280,283
1,0,280,284
1,0,280,285
1,0,280,286
1,0,280,287
1,0,280,288
1,0,280,289
1,0,280,290
1,0,280,291
1,0,280,292
1,0,280,293
1,0,280,294
1,0,280,295
1,0,280,296
1,0,280,297
1,0,280,298
1,0,280,299
1,0,280,300
1,0,280,301
1,0,280,302
1,0,280,303
1,0,280,304
1,0,280,305
1,0,280,306
1,0,280,307
1,0,280,308
1,0,280,309
1,0,280,310
1,0,280,311
1,0,280,312
1,0,280,313
1,0,280,314
1,0,280,315
1,0,280,316
1,0,280,317
1,0,280,318
1,0,280,319
1,0,280,320
1,0,280,321
1,0,280,322
1,0,280,323
1,0,280,324
1,0,280,325
1,0,280,326
1,0,280,327
1,0,280,328
1,0,280,329
1,0,280,330
1,0,280,331
1,0,280,332
1,0,280,333
1,0,280,334
1,0,280,335
1,0,280,336
1,0,280,337
1,0,281,282
1,0,281,283
1,0,281,284
1,0,281,285
1,0,281,286
1,0,281,287
1,0,281,288
1,0,281,289
1,0,281,290
1,0,281,291
1,0,281,292
1,0,281,293
1,0,281,294
1,0,281,295
1,0,281,296
1,0,281,297
1,0,281,298
1,0,281,299
1,0,281,300
1,0,281,301
1,0,281,302
1,0,281,303
1,0,281,304
1,0,281,305
1,0,281,306
1,0,281,307
1,0,281,308
1,0,281,309
1,0,281,310
1,0,281,311
1,0,281,312
1,0,281,313
1,0,281,314
1,0,281,315
1,0,281,316
1,0,281,317
1,0,281,318
1,0,281,319
1,0,281,320
1,0,281,321
1,0,281,322
1,0,281,323
1,0,281,324
1,0,281,325
1,0,281,326
1,0,281,327
1,0,281,328
1,0,281,329
1,0,281,330
1,0,281,331
1,0,281,332
1,0,282,291
1,0,282,292
1,0,282,293
1,0,282,294
1,0,282,295
1,0,282,296
1,0,282,297
1,0,282,298
1,0,282,299
1,0,282,300
1,0,282,301
1,0,282,302
1,0,282,303
1,0,282,304
1,0,282,305
1,0,282,306
1,0,282,307
1,0,282,308
1,0,282,309
1,0,282,310
1,0,282,311
1,0,282,312
1,0,282,313
1,0,282,314
1,0,282,315
1,0,282,316
1,0,282,317
1,0,282,318
1,0,282,319
1,0,282,320
1,0,282,321
1,0,282,322
1,0,282,323
1,0,282,324
1,0,282,325
2,0,247,430
2,0,247,431
2,0,247,432
2,0,248,429
2,0,248,430
2,0,248,431
2,0,248,432
2,0,249,428
2,0,249,429
2,0,249,430
2,0,249,431
2,0,249,432
2,0,250,428
2,0,250,429
2,0,250,430
2,0,250,431
2,0,250,432
2,0,251,427
2,0,251,428
2,0,251,429
2,0,251,430
2,0,251,431
2,0,251,432
2,0,252,426
2,0,252,427
2,0,252,428
2,0,252,429
2,0,252,430
2,0,252,431
2,0,253,426
2,0,253,427
2,0,253,428
2,0,253,430
2,0,253,431
2,0,254,425
2,0,254,426
2,0,254,427
2,0,254,430
2,0,254,431
2,0,255,424
2,0,255,425
2,0,255,426
2,0,255,427
2,0,255,430
2,0,255,431
2,0,256,424
2,0,256,425
2,0,256,426
2,0,256,430
2,0,256,431
2,0,257,423
2,0,257,424
2,0,257,425
2,0,257,430
2,0,257,431
2,0,258,422
2,0,258,423
2,0,258,424
2,0,258,425
2,0,258,430
2,0,258,431
2,0,259,422
2,0,259,423
2,0,259,424
2,0,259,429
2,0,259,430
2,0,259,431
2,0,260,421
2,0,260,422
2,0,260,423
2,0,260,429
2,0,260,430
2,0,260,431
2,0,261,420
2,0,261,421
2,0,261,422
2,0,261,423
2,0,261,429
2,0,261,430
2,0,261,431
2,0,262,420
2,0,262,421
2,0,262,422
2,0,262,429
2,0,262,430
2,0,262,431
2,0,263,419
2,0,263,420
2,0,263,421
2,0,263,429
2,0,263,430
2,0,263,431
2,0,264,418
2,0,264,419
2,0,264,420
2,0,264,421
2,0,264,429
2,0,264,430
2,0,264,431
2,0,265,418
2,0,265,419
2,0,265,420
2,0,265,429
2,0,265,430
2,0,265,431
2,0,266,417
2,0,266,418
2,0,266,419
2,0,266,429
2,0,266,430
2,0,266,431
2,0,267,416
2,0,267,417
2,0,267,418
2,0,267,419
2,0,267,429
2,0,267,430
2,0,267,431
2,0,268,416
2,0,268,417
2,0,268,418
2,0,268,429
2,0,268,430
2,0,268,431
2,0,269,415
2,0,269,416
2,0,269,417
2,0,269,429
2,0,269,430
2,0,269,431
2,0,270,415
2,0,270,416
2,0,270,417
2,0,270,429
2,0,270,430
2,0,270,431
2,0,271,414
2,0,271,415
2,0,271,416
2,0,271,429
2,0,271,430
2,0,271,431
2,0,272,413
2,0,272,414
2,0,272,415
2,0,272,416
2,0,272,429
2,0,272,430
2,0,272,431
2,0,273,413
2,0,273,414
2,0,273,415
2,0,273,429
2,0,273,430
2,0,273,431
2,0,274,412
2,0,274,413
2,0,274,414
2,0,274,430
2,0,274,431
2,0,275,412
2,0,275,413
2,0,275,414
2,0,275,430
2,0,275,431
2,0,276,411
2,0,276,412
2,0,276,413
2,0,276,430
2,0,276,431
2,0,277,410
2,0,277,411
2,0,277,412
2,0,277,413
2,0,277,430
2,0,277,431
2,0,278,410
2,0,278,411
2,0,278,412
2,0,278,430
2,0,278,431
2,0,279,409
2,0,279,410
2,0,279,411
2,0,279,430
2,0,279,431
2,0,280,409
2,0,280,410
2,0,280,411
2,0,280,430
2,0,280,431
2,0,281,408
2,0,281,409
2,0,281,410
2,0,281,430
2,0,281,431
2,0,282,408
2,0,282,409
2,0,282,410
2,0,282,430
2,0,282,431
2,0,283,407
2,0,283,408
2,0,283,409
2,0,283,430
2,0,283,431
2,0,283,432
2,0,284,406
2,0,284,407
2,0,284,408
2,0,284,409
2,0,284,430
2,0,284,431
2,0,284,432
2,0,285,406
2,0,285,407
2,0,285,408
2,0,285,430
2,0,285,431
2,0,285,432
2,0,286,405
2,0,286,406
2,0,286,407
2,0,286,430
2,0,286,431
2,0,286,432
2,0,287,405
2,0,287,406
2,0,287,407
2,0,287,430
2,0,287,431
2,0,287,432
2,0,288,404
2,0,288,405
2,0,288,406
2,0,288,430
2,0,288,431
2,0,288,432
2,0,289,404
2,0,289,405
2,0,289,406
2,0,289,430
2,0,289,431
2,0,289,432
2,0,290,403
2,0,290,404
2,0,290,405
2,0,290,430
2,0,290,431
2,0,290,432
2,0,291,403
2,0,291,404
2,0,291,405
2,0,291,430
2,0,291,431
2,0,291,432
2,0,292,402
2,0,292,403
2,0,292,404
2,0,292,430
2,0,292,431
2,0,292,432
2,0,293,402
2,0,293,403
2,0,293,404
2,0,293,430
2,0,293,431
2,0,293,432
2,0,294,401
2,0,294,402
2,0,294,403
2,0,294,430
2,0,294,431
2,0,294,432
2,0,295,401
2,0,295,402
2,0,295,403
2,0,295,430
2,0,295,431
2,0,295,432
2,0,296,400
2,0,296,401
2,0,296,402
2,0,296,430
2,0,296,431
2,0,296,432
2,0,297,400
2,0,297,401
2,0,297,402
2,0,297,431
2,0,297,432
2,0,298,399
2,0,298,400
2,0,298,401
2,0,298,431
2,0,298,432
2,0,299,399
2,0,299,400
2,0,299,401
2,0,299,431
2,0,299,432
2,0,300,398
2,0,300,399
2,0,300,400
2,0,300,431
2,0,300,432
2,0,300,433
2,0,301,398
2,0,301,399
2,0,301,400
2,0,301,431
2,0,301,432
2,0,301,433
2,0,302,397
2,0,302,398
2,0,302,399
2,0,302,431
2,0,302,432
2,0,302,433
2,0,303,397
2,0,303,398
2,0,303,399
2,0,303,431
2,0,303,432
2,0,303,433
2,0,304,396
2,0,304,397
2,0,304,398
2,0,304,431
2,0,304,432
2,0,304,433
2,0,305,396
2,0,305,397
2,0,305,398
2,0,305,431
2,0,305,432
2,0,305,433
2,0,306,395
2,0,306,396
2,0,306,397
2,0,306,431
2,0,306,432
2,0,306,433
2,0,307,395
2,0,307,396
2,0,307,397
2,0,307,431
2,0,307,432
2,0,307,433
2,0,308,395
2,0,308,396
2,0,308,397
2,0,308,431
2,0,308,432
2,0,308,433
2,0,309,394
2,0,309,395
2,0,309,396
2,0,309,432
2,0,309,433
2,0,310,394
2,0,310,395
2,0,310,396
2,0,310,432
2,0,310,433
2,0,311,393
2,0,311,394
2,0,311,395
2,0,311,432
2,0,311,433
2,0,312,393
2,0,312,394
2,0,312,395
2,0,312,432
2,0,312,433
2,0,312,434
2,0,313,392
2,0,313,393
2,0,313,394
2,0,313,432
2,0,313,433
2,0,313,434
2,0,314,392
2,0,314,393
2,0,314,394
2,0,314,432
2,0,314,433
2,0,314,434
2,0,315,392
2,0,315,393
2,0,315,394
2,0,315,432
2,0,315,433
2,0,315,434
2,0,316,391
2,0,316,392
2,0,316,393
2,0,316,432
2,0,316,433
2,0,316,434
2,0,317,391
2,0,317,392
2,0,317,393
2,0,317,432
2,0,317,433
2,0,317,434
2,0,318,390
2,0,318,391
2,0,318,392
2,0,318,432
2,0,318,433
2,0,318,434
2,0,319,390
2,0,319,391
2,0,319,392
2,0,319,433
2,0,319,434
2,0,320,390
2,0,320,391
2,0,320,392
2,0,320,433
2,0,320,434
2,0,321,389
2,0,321,390
2,0,321,391
2,0,321,433
2,0,321,434
2,0,321,435
2,0,322,389
2,0,322,390
2,0,322,391
2,0,322,433
2,0,322,434
2,0,322,435
2,0,323,389
2,0,323,390
2,0,323,433
2,0,323,434
2,0,323,435
2,0,324,388
2,0,324,389
2,0,324,390
2,0,324,433
2,0,324,434
2,0,324,435
2,0,325,388
2,0,325,389
2,0,325,390
2,0,325,433
2,0,325,434
2,0,325,435
2,0,326,276
2,0,326,277
2,0,326,278
2,0,326,387
2,0,326,388
2,0,326,389
2,0,326,433
2,0,326,434
2,0,326,435
2,0,327,276
2,0,327,277
2,0,327,278
2,0,327,279
2,0,327,280
2,0,327,281
2,0,327,387
2,0,327,388
2,0,327,389
2,0,327,433
2,0,327,434
2,0,327,435
2,0,328,276
2,0,328,277
2,0,328,278
2,0,328,279
2,0,328,280
2,0,328,281
2,0,328,282
2,0,328,283
2,0,328,284
2,0,328,387
2,0,328,388
2,0,328,389
2,0,328,434
2,0,328,435
2,0,329,277
2,0,329,278
2,0,329,279
2,0,329,280
2,0,329,281
2,0,329,282
2,0,329,283
2,0,329,284
2,0,329,285
2,0,329,286
2,0,329,287
2,0,329,386
2,0,329,387
2,0,329,388
2,0,329,434
2,0,329,435
2,0,330,278
2,0,330,279
2,0,330,280
2,0,330,282
2,0,330,283
2,0,330,284
2,0,330,285
2,0,330,286
2,0,330,287
2,0,330,288
2,0,330,289
2,0,330,290
2,0,330,386
2,0,330,387
2,0,330,388
2,0,330,434
2,0,330,435
2,0,330,436
2,0,331,278
2,0,331,279
2,0,331,280
2,0,331,281
2,0,331,285
2,0,331,286
2,0,331,287
2,0,331,288
2,0,331,289
2,0,331,290
2,0,331,291
2,0,331,292
2,0,331,293
2,0,331,386
2,0,331,387
2,0,331,388
2,0,331,434
2,0,331,435
2,0,331,436
2,0,332,279
2,0,332,280
2,0,332,281
2,0,332,288
2,0,332,289
2,0,332,290
2,0,332,291
2,0,332,292
2,0,332,293
2,0,332,294
2,0,332,295
2,0,332,296
2,0,332,386
2,0,332,387
2,0,332,434
2,0,332,435
2,0,332,436
2,0,333,280
2,0,333,281
2,0,333,282
2,0,333,292
2,0,333,293
2,0,333,294
2,0,333,295
2,0,333,296
2,0,333,297
2,0,333,298
2,0,333,299
2,0,333,385
2,0,333,386
2,0,333,387
2,0,333,434
2,0,333,435
2,0,333,436
2,0,334,280
2,0,334,281
2,0,334,282
2,0,334,283
2,0,334,295
2,0,334,296
2,0,334,297
2,0,334,298
2,0,334,299
2,0,334,300
2,0,334,301
2,0,334,302
2,0,334,303
2,0,334,385
2,0,334,386
2,0,334,387
2,0,334,434
2,0,334,435
2,0,334,436
2,0,335,281
2,0,335,282
2,0,335,283
2,0,335,298
2,0,335,299
2,0,335,300
2,0,335,301
2,0,335,302
2,0,335,303
2,0,335,304
2,0,335,305
2,0,335,306
2,0,335,385
2,0,335,386
2,0,335,387
2,0,335,435
2,0,335,436
2,0,336,282
2,0,336,283
2,0,336,284
2,0,336,301
2,0,336,302
2,0,336,303
2,0,336,304
2,0,336,305
2,0,336,306
2,0,336,307
2,0,336,308
2,0,336,309
2,0,336,384
2,0,336,385
2,0,336,386
2,0,336,435
2,0,336,436
2,0,337,282
2,0,337,283
2,0,337,284
2,0,337,285
2,0,337,304
2,0,337,305
2,0,337,306
2,0,337,307
2,0,337,308
2,0,337,309
2,0,337,310
2,0,337,311
2,0,337,312
2,0,337,384
2,0,337,385
2,0,337,386
2,0,337,435
2,0,337,436
2,0,337,437
2,0,338,283
2,0,338,284
2,0,338,285
2,0,338,286
2,0,338,307
2,0,338,308
2,0,338,309
2,0,338,310
2,0,338,311
2,0,338,312
2,0,338,313
2,0,338,314
2,0,338,315
2,0,338,384
2,0,338,385
2,0,338,386
2,0,338,435
2,0,338,436
2,0,338,437
2,0,339,284
2,0,339,285
2,0,339,286
2,0,339,310
2,0,339,311
2,0,339,312
2,0,339,313
2,0,339,314
2,0,339,315
2,0,339,316
2,0,339,317
2,0,339,318
2,0,339,384
2,0,339,385
2,0,339,435
2,0,339,436
2,0,339,437
2,0,340,285
2,0,340,286
2,0,340,287
2,0,340,313
2,0,340,314
2,0,340,315
2,0,340,316
2,0,340,317
2,0,340,318
2,0,340,319
2,0,340,320
2,0,340,321
2,0,340,322
2,0,340,383
2,0,340,384
2,0,340,385
2,0,340,435
2,0,340,436
2,0,340,437
2,0,341,285
2,0,341,286
2,0,341,287
2,0,341,288
2,0,341,317
2,0,341,318
2,0,341,319
2,0,341,320
2,0,341,321
2,0,341,322
2,0,341,323
2,0,341,324
2,0,341,325
2,0,341,383
2,0,341,384
2,0,341,385
2,0,341,435
2,0,341,436
2,0,341,437
2,0,342,286
2,0,342,287
2,0,342,288
2,0,342,289
2,0,342,320
2,0,342,321
2,0,342,322
2,0,342,323
2,0,342,324
2,0,342,325
2,0,342,326
2,0,342,327
2,0,342,328
2,0,342,329
2,0,342,383
2,0,342,384
2,0,342,385
2,0,342,436
2,0,342,437
2,0,343,287
2,0,343,288
2,0,343,289
2,0,343,323
2,0,343,324
2,0,343,325
2,0,343,326
2,0,343,327
2,0,343,328
2,0,343,329
2,0,343,330
2,0,343,331
2,0,343,332
2,0,343,333
2,0,343,383
2,0,343,384
2,0,343,436
2,0,343,437
2,0,343,438
2,0,344,288
2,0,344,289
2,0,344,290
2,0,344,327
2,0,344,328
2,0,344,329
2,0,344,330
2,0,344,331
2,0,344,332
2,0,344,333
2,0,344,334
2,0,344,335
2,0,344,336
2,0,344,337
2,0,344,382
2,0,344,383
2,0,344,384
2,0,344,436
2,0,344,437
2,0,344,438
2,0,345,289
2,0,345,290
2,0,345,291
2,0,345,331
2,0,345,332
2,0,345,333
2,0,345,334
2,0,345,335
2,0,345,336
2,0,345,337
2,0,345,338
2,0,345,339
2,0,345,340
2,0,345,341
2,0,345,342
2,0,345,382
2,0,345,383
2,0,345,384
2,0,345,436
2,0,345,437
2,0,345,438
2,0,346,289
2,0,346,290
2,0,346,291
2,0,346,292
2,0,346,335
2,0,346,336
2,0,346,337
2,0,346,338
2,0,346,339
2,0,346,340
2,0,346,341
2,0,346,342
2,0,346,343
2,0,346,344
2,0,346,345
2,0,346,346
2,0,346,347
2,0,346,382
2,0,346,383
2,0,346,384
2,0,346,436
2,0,346,437
2,0,346,438
2,0,347,290
2,0,347,291
2,0,347,292
2,0,347,293
2,0,347,339
2,0,347,340
2,0,347,341
2,0,347,342
2,0,347,343
2,0,347,344
2,0,347,345
2,0,347,346
2,0,347,347
2,0,347,348
2,0,347,349
2,0,347,350
2,0,347,351
2,0,347,352
2,0,347,353
2,0,347,354
2,0,347,382
2,0,347,383
2,0,347,384
2,0,347,436
2,0,347,437
2,0,347,438
2,0,348,291
2,0,348,292
2,0,348,293
2,0,348,294
2,0,348,344
2,0,348,345
2,0,348,346
2,0,348,347
2,0,348,348
2,0,348,349
2,0,348,350
2,0,348,351
2,0,348,352
2,0,348,353
2,0,348,354
2,0,348,355
2,0,348,356
2,0,348,357
2,0,348,358
2,0,348,359
2,0,348,360
2,0,348,361
2,0,348,362
2,0,348,363
2,0,348,364
2,0,348,365
2,0,348,381
2,0,348,382
2,0,348,383
2,0,348,437
2,0,348,438
2,0,349,292
2,0,349,293
2,0,349,294
2,0,349,350
2,0,349,351
2,0,349,352
2,0,349,353
2,0,349,354
2,0,349,355
2,0,349,356
2,0,349,357
2,0,349,358
2,0,349,359
2,0,349,360
2,0,349,361
2,0,349,362
2,0,349,363
2,0,349,364
2,0,349,365
2,0,349,366
2,0,349,367
2,0,349,368
2,0,349,369
2,0,349,370
2,0,349,371
2,0,349,372
2,0,349,373
2,0,349,374
2,0,349,375
2,0,349,376
2,0,349,377
2,0,349,378
2,0,349,379
2,0,349,380
2,0,349,381
2,0,349,382
2,0,349,383
2,0,349,437
2,0,349,438
2,0,349,439
2,0,350,293
2,0,350,294
2,0,350,295
2,0,350,357
2,0,350,358
2,0,350,359
2,0,350,360
2,0,350,361
2,0,350,362
2,0,350,363
2,0,350,364
2,0,350,365
2,0,350,366
2,0,350,367
2,0,350,368
2,0,350,369
2,0,350,370
2,0,350,371
2,0,350,372
2,0,350,373
2,0,350,374
2,0,350,375
2,0,350,376
2,0,350,377
2,0,350,378
2,0,350,379
2,0,350,380
2,0,350,381
2,0,350,382
2,0,350,383
2,0,350,437
2,0,350,438
2,0,350,439
2,0,351,294
2,0,351,295
2,0,351,296
2,0,351,437
2,0,351,438
2,0,351,439
2,0,352,294
2,0,352,295
2,0,352,296
2,0,352,297
2,0,352,437
2,0,352,438
2,0,352,439
2,0,353,295
2,0,353,296
2,0,353,297
2,0,353,298
2,0,353,438
2,0,353,439
2,0,354,296
2,0,354,297
2,0,354,298
2,0,354,299
2,0,354,438
2,0,354,439
2,0,354,440
2,0,355,297
2,0,355,298
2,0,355,299
2,0,355,300
2,0,355,438
2,0,355,439
2,0,355,440
2,0,356,298
2,0,356,299
2,0,356,300
2,0,356,301
2,0,356,438
2,0,356,439
2,0,356,440
2,0,357,299
2,0,357,300
2,0,357,301
2,0,357,302
2,0,357,438
2,0,357,439
2,0,357,440
2,0,358,300
2,0,358,301
2,0,358,302
2,0,358,303
2,0,358,439
2,0,358,440
2,0,359,301
2,0,359,302
2,0,359,303
2,0,359,304
2,0,359,439
2,0,359,440
2,0,359,441
2,0,359,442
2,0,359,443
2,0,359,444
2,0,360,302
2,0,360,303
2,0,360,304
2,0,360,305
2,0,360,439
2,0,360,440
2,0,360,441
2,0,360,442
2,0,360,443
2,0,360,444
2,0,360,445
2,0,360,446
2,0,360,447
2,0,360,448
2,0,360,449
2,0,360,450
2,0,360,451
2,0,361,303
2,0,361,304
2,0,361,305
2,0,361,306
2,0,361,440
2,0,361,441
2,0,361,442
2,0,361,443
2,0,361,444
2,0,361,445
2,0,361,446
2,0,361,447
2,0,361,448
2,0,361,449
2,0,361,450
2,0,361,451
2,0,361,452
2,0,361,453
2,0,361,454
2,0,361,455
2,0,361,456
2,0,361,457
2,0,361,458
2,0,361,459
2,0,361,460
2,0,361,461
2,0,361,462
2,0,361,463
2,0,361,464
2,0,361,465
2,0,361,466
2,0,361,467
2,0,362,304
2,0,362,305
2,0,362,306
2,0,362,307
2,0,362,446
2,0,362,447
2,0,362,448
2,0,362,449
2,0,362,450
2,0,362,451
2,0,362,452
2,0,362,453
2,0,362,454
2,0,362,455
2,0,362,456
2,0,362,457
2,0,362,458
2,0,362,459
2,0,362,460
2,0,362,461
2,0,362,462
2,0,362,463
2,0,362,464
2,0,362,465
2,0,362,466
2,0,362,467
2,0,362,468
2,0,362,469
2,0,362,470
2,0,362,471
2,0,362,472
2,0,362,473
2,0,362,474
2,0,362,475
2,0,362,476
2,0,362,477
2,0,362,478
2,0,362,479
2,0,362,480
2,0,362,481
2,0,362,482
2,0,362,483
2,0,362,484
2,0,362,485
2,0,362,486
2,0,362,487
2,0,362,488
2,0,362,489
2,0,362,490
2,0,362,491
2,0,362,492
2,0,362,493
2,0,363,305
2,0,363,306
2,0,363,307
2,0,363,308
2,0,363,455
2,0,363,456
2,0,363,457
2,0,363,458
2,0,363,459
2,0,363,460
2,0,363,461
2,0,363,462
2,0,363,463
2,0,363,464
2,0,363,465
2,0,363,466
2,0,363,467
2,0,363,468
2,0,363,469
2,0,363,470
2,0,363,471
2,0,363,472
2,0,363,473
2,0,363,474
2,0,363,475
2,0,363,476
2,0,363,477
2,0,363,478
2,0,363,479
2,0,363,480
2,0,363,481
2,0,363,482
2,0,363,483
2,0,363,484
2,0,363,485
2,0,363,486
2,0,363,487
2,0,363,488
2,0,363,489
2,0,363,490
2,0,363,491
2,0,363,492
2,0,363,493
2,0,363,494
2,0,363,495
2,0,363,496
2,0,363,497
2,0,363,498
2,0,363,499
2,0,363,500
2,0,363,501
2,0,363,502
2,0,363,503
2,0,363,504
2,0,364,306
2,0,364,307
2,0,364,308
2,0,364,309
2,0,364,475
2,0,364,476
2,0,364,477
2,0,364,478
2,0,364,479
2,0,364,480
2,0,364,481
2,0,364,482
2,0,364,483
2,0,364,484
2,0,364,485
2,0,364,486
2,0,364,487
2,0,364,488
2,0,364,489
2,0,364,490
2,0,364,491
2,0,364,492
2,0,364,493
2,0,364,494
2,0,364,495
2,0,364,496
2,0,364,497
2,0,364,498
2,0,364,499
2,0,364,500
2,0,364,501
2,0,364,502
2,0,364,503
2,0,364,504
2,0,364,505
2,0,364,506
2,0,364,507
2,0,364,508
2,0,364,509
2,0,364,510
2,0,364,511
2,0,365,307
2,0,365,308
2,0,365,309
2,0,365,310
2,0,365,497
2,0,365,498
2,0,365,499
2,0,365,500
2,0,365,501
2,0,365,502
2,0,365,503
2,0,365,504
2,0,365,505
2,0,365,506
2,0,365,507
2,0,365,508
2,0,365,509
2,0,365,510
2,0,365,511
2,0,365,512
2,0,365,513
2,0,365,514
2,0,365,515
2,0,366,308
2,0,366,309
2,0,366,310
2,0,366,311
2,0,366,507
2,0,366,508
2,0,366,509
2,0,366,510
2,0,366,511
2,0,366,512
2,0,366,513
2,0,366,514
2,0,366,515
2,0,366,516
2,0,366,517
2,0,366,518
2,0,366,519
2,0,367,309
2,0,367,310
2,0,367,311
2,0,367,312
2,0,367,513
2,0,367,514
2,0,367,515
2,0,367,516
2,0,367,517
2,0,367,518
2,0,367,519
2,0,367,520
2,0,367,521
2,0,367,522
2,0,367,523
2,0,368,310
2,0,368,311
2,0,368,312
2,0,368,313
2,0,368,517
2,0,368,518
2,0,368,519
2,0,368,520
2,0,368,521
2,0,368,522
2,0,368,523
2,0,368,524
2,0,368,525
2,0,369,311
2,0,369,312
2,0,369,313
2,0,369,314
2,0,369,315
2,0,369,521
2,0,369,522
2,0,369,523
2,0,369,524
2,0,369,525
2,0,369,526
2,0,369,527
2,0,369,528
2,0,370,313
2,0,370,314
2,0,370,315
2,0,370,316
2,0,370,524
2,0,370,525
2,0,370,526
2,0,370,527
2,0,370,528
2,0,370,529
2,0,370,530
2,0,371,314
2,0,371,315
2,0,371,316
2,0,371,317
2,0,371,527
2,0,371,528
2,0,371,529
2,0,371,530
2,0,371,531
2,0,371,532
2,0,372,315
2,0,372,316
2,0,372,317
2,0,372,318
2,0,372,529
2,0,372,530
2,0,372,531
2,0,372,532
2,0,372,533
2,0,372,534
2,0,373,316
2,0,373,317
2,0,373,318
2,0,373,319
2,0,373,531
2,0,373,532
2,0,373,533
2,0,373,534
2,0,373,535
2,0,373,536
2,0,374,317
2,0,374,318
2,0,374,319
2,0,374,320
2,0,374,321
2,0,374,533
2,0,374,534
2,0,374,535
2,0,374,536
2,0,374,537
2,0,374,538
2,0,375,318
2,0,375,319
2,0,375,320
2,0,375,321
2,0,375,322
2,0,375,535
2,0,375,536
2,0,375,537
2,0,375,538
2,0,375,539
2,0,376,320
2,0,376,321
2,0,376,322
2,0,376,323
2,0,376,537
2,0,376,538
2,0,376,539
2,0,376,540
2,0,376,541
2,0,377,321
2,0,377,322
2,0,377,323
2,0,377,324
2,0,377,325
2,0,377,538
2,0,377,539
2,0,377,540
2,0,377,541
2,0,377,542
2,0,378,322
2,0,378,323
2,0,378,324
2,0,378,325
2,0,378,326
2,0,378,540
2,0,378,541
2,0,378,542
2,0,378,543
2,0,378,544
2,0,379,324
2,0,379,325
2,0,379,326
2,0,379,327
2,0,379,540
2,0,379,541
2,0,379,542
2,0,379,543
2,0,379,544
2,0,380,325
2,0,380,326
2,0,380,327
2,0,380,328
2,0,380,329
2,0,380,537
2,0,380,538
2,0,380,539
2,0,380,540
2,0,380,541
2,0,380,542
2,0,380,543
2,0,380,544
2,0,381,326
2,0,381,327
2,0,381,328
2,0,381,329
2,0,381,330
2,0,381,534
2,0,381,535
2,0,381,536
2,0,381,537
2,0,381,538
2,0,381,539
2,0,381,540
2,0,381,541
2,0,381,542
2,0,382,328
2,0,382,329
2,0,382,330
2,0,382,331
2,0,382,531
2,0,382,532
2,0,382,533
2,0,382,534
2,0,382,535
2,0,382,536
2,0,382,537
2,0,382,538
2,0,382,539
2,0,383,329
2,0,383,330
2,0,383,331
2,0,383,332
2,0,383,333
2,0,383,528
2,0,383,529
2,0,383,530
2,0,383,531
2,0,383,532
2,0,383,533
2,0,383,534
2,0,383,535
2,0,384,331
2,0,384,332
2,0,384,333
2,0,384,334
2,0,384,526
2,0,384,527
2,0,384,528
2,0,384,529
2,0,384,530
2,0,384,531
2,0,384,532
2,0,385,332
2,0,385,333
2,0,385,334
2,0,385,335
2,0,385,336
2,0,385,523
2,0,385,524
2,0,385,525
2,0,385,526
2,0,385,527
2,0,385,528
2,0,385,529
2,0,385,530
2,0,386,333
2,0,386,334
2,0,386,335
2,0,386,336
2,0,386,337
2,0,386,521
2,0,386,522
2,0,386,523
2,0,386,524
2,0,386,525
2,0,386,526
2,0,386,527
2,0,387,335
2,0,387,336
2,0,387,337
2,0,387,338
2,0,387,519
2,0,387,520
2,0,387,521
2,0,387,522
2,0,387,523
2,0,387,524
2,0,387,525
2,0,388,336
2,0,388,337
2,0,388,338
2,0,388,516
2,0,388,517
2,0,388,518
2,0,388,519
2,0,388,520
2,0,388,521
2,0,388,522
2,0,389,337
2,0,389,338
2,0,389,339
2,0,389,514
2,0,389,515
2,0,389,516
2,0,389,517
2,0,389,518
2,0,389,519
2,0,389,520
2,0,390,337
2,0,390,338
2,0,390,339
2,0,390,340
2,0,390,512
2,0,390,513
2,0,390,514
2,0,390,515
2,0,390,516
2,0,390,517
2,0,390,518
2,0,391,338
2,0,391,339
2,0,391,340
2,0,391,510
2,0,391,511
2,0,391,512
2,0,391,513
2,0,391,514
2,0,391,515
2,0,392,339
2,0,392,340
2,0,392,341
2,0,392,508
2,0,392,509
2,0,392,510
2,0,392,511
2,0,392,512
2,0,392,513
2,0,393,340
2,0,393,341
2,0,393,342
2,0,393,506
2,0,393,507
2,0,393,508
2,0,393,509
2,0,393,510
2,0,393,511
2,0,394,341
2,0,394,342
2,0,394,343
2,0,394,504
2,0,394,505
2,0,394,506
2,0,394,507
2,0,394,508
2,0,394,509
2,0,395,341
2,0,395,342
2,0,395,343
2,0,395,344
2,0,395,502
2,0,395,503
2,0,395,504
2,0,395,505
2,0,395,506
2,0,395,507
2,0,396,342
2,0,396,343
2,0,396,344
2,0,396,345
2,0,396,500
2,0,396,501
2,0,396,502
2,0,396,503
2,0,396,504
2,0,396,505
2,0,397,343
2,0,397,344
2,0,397,345
2,0,397,346
2,0,397,498
2,0,397,499
2,0,397,500
2,0,397,501
2,0,397,502
2,0,397,503
2,0,398,344
2,0,398,345
2,0,398,346
2,0,398,347
2,0,398,496
2,0,398,497
2,0,398,498
2,0,398,499
2,0,398,500
2,0,398,501
2,0,399,345
2,0,399,346
2,0,399,347
2,0,399,348
2,0,399,494
2,0,399,495
2,0,399,496
2,0,399,497
2,0,399,498
2,0,399,499
2,0,400,346
2,0,400,347
2,0,400,348
2,0,400,349
2,0,400,492
2,0,400,493
2,0,400,494
2,0,400,495
2,0,400,496
2,0,400,497
2,0,401,347
2,0,401,348
2,0,401,349
2,0,401,350
2,0,401,490
2,0,401,491
2,0,401,492
2,0,401,493
2,0,401,494
2,0,401,495
2,0,402,348
2,0,402,349
2,0,402,350
2,0,402,351
2,0,402,488
2,0,402,489
2,0,402,490
2,0,402,491
2,0,402,492
2,0,402,493
2,0,403,349
2,0,403,350
2,0,403,351
2,0,403,352
2,0,403,486
2,0,403,487
2,0,403,488
2,0,403,489
2,0,403,490
2,0,403,491
2,0,404,350
2,0,404,351
2,0,404,352
2,0,404,353
2,0,404,484
2,0,404,485
2,0,404,486
2,0,404,487
2,0,404,488
2,0,404,489
2,0,405,351
2,0,405,352
2,0,405,353
2,0,405,354
2,0,405,482
2,0,405,483
2,0,405,484
2,0,405,485
2,0,405,486
2,0,405,487
2,0,406,352
2,0,406,353
2,0,406,354
2,0,406,355
2,0,406,480
2,0,406,481
2,0,406,482
2,0,406,483
2,0,406,484
2,0,406,485
2,0,407,353
2,0,407,354
2,0,407,355
2,0,407,477
2,0,407,478
2,0,407,479
2,0,407,480
2,0,407,481
2,0,407,482
2,0,407,483
2,0,408,354
2,0,408,355
2,0,408,356
2,0,408,475
2,0,408,476
2,0,408,477
2,0,408,478
2,0,408,479
2,0,408,480
2,0,408,481
2,0,409,354
2,0,409,355
2,0,409,473
2,0,409,474
2,0,409,475
2,0,409,476
2,0,409,477
2,0,409,478
2,0,409,479
2,0,410,353
2,0,410,354
2,0,410,355
2,0,410,471
2,0,410,472
2,0,410,473
2,0,410,474
2,0,410,475
2,0,410,476
2,0,411,353
2,0,411,354
2,0,411,355
2,0,411,468
2,0,411,469
2,0,411,470
2,0,411,471
2,0,411,472
2,0,411,473
2,0,411,474
2,0,412,353
2,0,412,354
2,0,412,355
2,0,412,466
2,0,412,467
2,0,412,468
2,0,412,469
2,0,412,470
2,0,412,471
2,0,412,472
2,0,413,353
2,0,413,354
2,0,413,463
2,0,413,464
2,0,413,465
2,0,413,466
2,0,413,467
2,0,413,468
2,0,413,469
2,0,413,470
2,0,414,352
2,0,414,353
2,0,414,354
2,0,414,461
2,0,414,462
2,0,414,463
2,0,414,464
2,0,414,465
2,0,414,466
2,0,414,467
2,0,415,352
2,0,415,353
2,0,415,354
2,0,415,458
2,0,415,459
2,0,415,460
2,0,415,461
2,0,415,462
2,0,415,463
2,0,415,464
2,0,415,465
2,0,416,352
2,0,416,353
2,0,416,354
2,0,416,454
2,0,416,455
2,0,416,456
2,0,416,457
2,0,416,458
2,0,416,459
2,0,416,460
2,0,416,461
2,0,416,462
2,0,417,351
2,0,417,352
2,0,417,353
2,0,417,451
2,0,417,452
2,0,417,453
2,0,417,454
2,0,417,455
2,0,417,456
2,0,417,457
2,0,417,458
2,0,417,459
2,0,418,351
2,0,418,352
2,0,418,353
2,0,418,448
2,0,418,449
2,0,418,450
2,0,418,451
2,0,418,452
2,0,418,453
2,0,418,454
2,0,418,455
2,0,418,456
2,0,419,351
2,0,419,352
2,0,419,353
2,0,419,448
2,0,419,449
2,0,419,450
2,0,419,451
2,0,419,452
2,0,419,453
2,0,420,350
2,0,420,351
2,0,420,352
2,0,420,448
2,0,420,449
2,0,420,450
2,0,421,350
2,0,421,351
2,0,421,352
2,0,421,448
2,0,421,449
2,0,421,450
2,0,422,349
2,0,422,350
2,0,422,351
2,0,422,449
2,0,422,450
2,0,422,451
2,0,423,349
2,0,423,350
2,0,423,351
2,0,423,449
2,0,423,450
2,0,423,451
2,0,424,349
2,0,424,350
2,0,424,351
2,0,424,450
2,0,424,451
2,0,424,452
2,0,425,348
2,0,425,349
2,0,425,350
2,0,425,450
2,0,425,451
2,0,425,452
2,0,426,348
2,0,426,349
2,0,426,350
2,0,426,451
2,0,426,452
2,0,426,453
2,0,427,347
2,0,427,348
2,0,427,349
2,0,427,451
2,0,427,452
2,0,427,453
2,0,428,347
2,0,428,348
2,0,428,349
2,0,428,451
2,0,428,452
2,0,428,453
2,0,429,346
2,0,429,347
2,0,429,348
2,0,429,452
2,0,429,453
2,0,429,454
2,0,430,346
2,0,430,347
2,0,430,348
2,0,430,452
2,0,430,453
2,0,430,454
2,0,431,345
2,0,431,346
2,0,431,347
2,0,431,453
2,0,431,454
2,0,431,455
2,0,432,345
2,0,432,346
2,0,432,347
2,0,432,453
2,0,432,454
2,0,432,455
2,0,433,344
2,0,433,345
2,0,433,346
2,0,433,454
2,0,433,455
2,0,433,456
2,0,434,343
2,0,434,344
2,0,434,345
2,0,434,346
2,0,434,454
2,0,434,455
2,0,434,456
2,0,435,343
2,0,435,344
2,0,435,345
2,0,435,454
2,0,435,455
2,0,435,456
2,0,436,342
2,0,436,343
2,0,436,344
2,0,436,455
2,0,436,456
2,0,436,457
2,0,437,342
2,0,437,343
2,0,437,344
2,0,437,455
2,0,437,456
2,0,437,457
2,0,438,341
2,0,438,342
2,0,438,343
2,0,438,456
2,0,438,457
2,0,438,458
2,0,439,340
2,0,439,341
2,0,439,342
2,0,439,456
2,0,439,457
2,0,439,458
2,0,440,340
2,0,440,341
2,0,440,342
2,0,440,457
2,0,440,458
2,0,440,459
2,0,441,339
2,0,441,340
2,0,441,341
2,0,441,457
2,0,441,458
2,0,441,459
2,0,442,338
2,0,442,339
2,0,442,340
2,0,442,401
2,0,442,457
2,0,442,458
2,0,442,459
2,0,443,337
2,0,443,338
2,0,443,339
2,0,443,340
2,0,443,399
2,0,443,400
2,0,443,401
2,0,443,402
2,0,443,458
2,0,443,459
2,0,443,460
2,0,444,337
2,0,444,338
2,0,444,339
2,0,444,398
2,0,444,399
2,0,444,400
2,0,444,401
2,0,444,402
2,0,444,403
2,0,444,458
2,0,444,459
2,0,444,460
2,0,445,336
2,0,445,337
2,0,445,338
2,0,445,396
2,0,445,397
2,0,445,398
2,0,445,399
2,0,445,400
2,0,445,401
2,0,445,402
2,0,445,403
2,0,445,404
2,0,445,459
2,0,445,460
2,0,445,461
2,0,446,335
2,0,446,336
2,0,446,337
2,0,446,338
2,0,446,395
2,0,446,396
2,0,446,397
2,0,446,398
2,0,446,399
2,0,446,402
2,0,446,403
2,0,446,404
2,0,446,405
2,0,446,459
2,0,446,460
2,0,446,461
2,0,447,334
2,0,447,335
2,0,447,336
2,0,447,337
2,0,447,393
2,0,447,394
2,0,447,395
2,0,447,396
2,0,447,397
2,0,447,403
2,0,447,404
2,0,447,405
2,0,447,406
2,0,447,459
2,0,447,460
2,0,447,461
2,0,448,334
2,0,448,335
2,0,448,336
2,0,448,392
2,0,448,393
2,0,448,394
2,0,448,395
2,0,448,396
2,0,448,404
2,0,448,405
2,0,448,406
2,0,448,407
2,0,448,460
2,0,448,461
2,0,448,462
2,0,449,333
2,0,449,334
2,0,449,335
2,0,449,390
2,0,449,391
2,0,449,392
2,0,449,393
2,0,449,394
2,0,449,405
2,0,449,406
2,0,449,407
2,0,449,408
2,0,449,460
2,0,449,461
2,0,449,462
2,0,450,332
2,0,450,333
2,0,450,334
2,0,450,335
2,0,450,388
2,0,450,389
2,0,450,390
2,0,450,391
2,0,450,392
2,0,450,393
2,0,450,406
2,0,450,407
2,0,450,408
2,0,450,409
2,0,450,461
2,0,450,462
2,0,451,331
2,0,451,332
2,0,451,333
2,0,451,334
2,0,451,386
2,0,451,387
2,0,451,388
2,0,451,389
2,0,451,390
2,0,451,391
2,0,451,407
2,0,451,408
2,0,451,409
2,0,451,461
2,0,451,462
2,0,451,463
2,0,452,331
2,0,452,332
2,0,452,333
2,0,452,385
2,0,452,386
2,0,452,387
2,0,452,388
2,0,452,389
2,0,452,408
2,0,452,409
2,0,452,410
2,0,452,461
2,0,452,462
2,0,452,463
2,0,453,330
2,0,453,331
2,0,453,332
2,0,453,383
2,0,453,384
2,0,453,385
2,0,453,386
2,0,453,387
2,0,453,409
2,0,453,410
2,0,453,411
2,0,453,462
2,0,453,463
2,0,453,464
2,0,454,329
2,0,454,330
2,0,454,331
2,0,454,381
2,0,454,382
2,0,454,383
2,0,454,384
2,0,454,385
2,0,454,386
2,0,454,409
2,0,454,410
2,0,454,411
2,0,454,412
2,0,454,462
2,0,454,463
2,0,454,464
2,0,455,328
2,0,455,329
2,0,455,330
2,0,455,331
2,0,455,379
2,0,455,380
2,0,455,381
2,0,455,382
2,0,455,383
2,0,455,384
2,0,455,410
2,0,455,411
2,0,455,412
2,0,455,413
2,0,455,462
2,0,455,463
2,0,455,464
2,0,456,327
2,0,456,328
2,0,456,329
2,0,456,330
2,0,456,377
2,0,456,378
2,0,456,379
2,0,456,380
2,0,456,381
2,0,456,382
2,0,456,411
2,0,456,412
2,0,456,413
2,0,456,414
2,0,456,463
2,0,456,464
2,0,456,465
2,0,457,327
2,0,457,328
2,0,457,329
2,0,457,375
2,0,457,376
2,0,457,377
2,0,457,378
2,0,457,379
2,0,457,380
2,0,457,412
2,0,457,413
2,0,457,414
2,0,457,415
2,0,457,463
2,0,457,464
2,0,457,465
2,0,458,326
2,0,458,327
2,0,458,328
2,0,458,373
2,0,458,374
2,0,458,375
2,0,458,376
2,0,458,377
2,0,458,378
2,0,458,413
2,0,458,414
2,0,458,415
2,0,458,463
2,0,458,464
2,0,458,465
2,0,459,325
2,0,459,326
2,0,459,327
2,0,459,328
2,0,459,371
2,0,459,372
2,0,459,373
2,0,459,374
2,0,459,375
2,0,459,376
2,0,459,414
2,0,459,415
2,0,459,416
2,0,459,464
2,0,459,465
2,0,459,466
2,0,460,324
2,0,460,325
2,0,460,326
2,0,460,327
2,0,460,369
2,0,460,370
2,0,460,371
2,0,460,372
2,0,460,373
2,0,460,374
2,0,460,414
2,0,460,415
2,0,460,416
2,0,460,417
2,0,460,464
2,0,460,465
2,0,460,466
2,0,461,324
2,0,461,325
2,0,461,326
2,0,461,367
2,0,461,368
2,0,461,369
2,0,461,370
2,0,461,371
2,0,461,372
2,0,461,415
2,0,461,416
2,0,461,417
2,0,461,418
2,0,461,464
2,0,461,465
2,0,461,466
2,0,462,323
2,0,462,324
2,0,462,325
2,0,462,365
2,0,462,366
2,0,462,367
2,0,462,368
2,0,462,369
2,0,462,370
2,0,462,416
2,0,462,417
2,0,462,418
2,0,462,419
2,0,462,465
2,0,462,466
2,0,462,467
2,0,463,322
2,0,463,323
2,0,463,324
2,0,463,363
2,0,463,364
2,0,463,365
2,0,463,366
2,0,463,367
2,0,463,368
2,0,463,417
2,0,463,418
2,0,463,419
2,0,463,420
2,0,463,465
2,0,463,466
2,0,463,467
2,0,464,321
2,0,464,322
2,0,464,323
2,0,464,324
2,0,464,361
2,0,464,362
2,0,464,363
2,0,464,364
2,0,464,365
2,0,464,366
2,0,464,418
2,0,464,419
2,0,464,420
2,0,464,465
2,0,464,466
2,0,464,467
2,0,465,320
2,0,465,321
2,0,465,322
2,0,465,323
2,0,465,359
2,0,465,360
2,0,465,361
2,0,465,362
2,0,465,363
2,0,465,364
2,0,465,419
2,0,465,420
2,0,465,421
2,0,465,466
2,0,465,467
2,0,465,468
2,0,466,320
2,0,466,321
2,0,466,322
2,0,466,357
2,0,466,358
2,0,466,359
2,0,466,360
2,0,466,361
2,0,466,362
2,0,466,420
2,0,466,421
2,0,466,422
2,0,466,466
2,0,466,467
2,0,466,468
2,0,467,319
2,0,467,320
2,0,467,321
2,0,467,355
2,0,467,356
2,0,467,357
2,0,467,358
2,0,467,359
2,0,467,360
2,0,467,420
2,0,467,421
2,0,467,422
2,0,467,423
2,0,467,466
2,0,467,467
2,0,467,468
2,0,468,318
2,0,468,319
2,0,468,320
2,0,468,321
2,0,468,353
2,0,468,354
2,0,468,355
2,0,468,356
2,0,468,357
2,0,468,358
2,0,468,421
2,0,468,422
2,0,468,423
2,0,468,424
2,0,468,467
2,0,468,468
2,0,469,317
2,0,469,318
2,0,469,319
2,0,469,320
2,0,469,351
2,0,469,352
2,0,469,353
2,0,469,354
2,0,469,355
2,0,469,356
2,0,469,422
2,0,469,423
2,0,469,424
2,0,469,425
2,0,469,467
2,0,469,468
2,0,469,469
2,0,470,317
2,0,470,318
2,0,470,319
2,0,470,349
2,0,470,350
2,0,470,351
2,0,470,352
2,0,470,353
2,0,470,354
2,0,470,423
2,0,470,424
2,0,470,425
2,0,470,467
2,0,470,468
2,0,470,469
2,0,471,316
2,0,471,317
2,0,471,318
2,0,471,347
2,0,471,348
2,0,471,349
2,0,471,350
2,0,471,351
2,0,471,352
2,0,471,424
2,0,471,425
2,0,471,426
2,0,471,467
2,0,471,468
2,0,471,469
2,0,472,315
2,0,472,316
2,0,472,317
2,0,472,318
2,0,472,345
2,0,472,346
2,0,472,347
2,0,472,348
2,0,472,349
2,0,472,350
2,0,472,425
2,0,472,426
2,0,472,427
2,0,472,468
2,0,472,469
2,0,472,470
2,0,473,315
2,0,473,316
2,0,473,317
2,0,473,343
2,0,473,344
2,0,473,345
2,0,473,346
2,0,473,347
2,0,473,348
2,0,473,425
2,0,473,426
2,0,473,427
2,0,473,428
2,0,473,468
2,0,473,469
2,0,473,470
2,0,474,314
2,0,474,315
2,0,474,316
2,0,474,341
2,0,474,342
2,0,474,343
2,0,474,344
2,0,474,345
2,0,474,346
2,0,474,426
2,0,474,427
2,0,474,428
2,0,474,429
2,0,474,468
2,0,474,469
2,0,474,470
2,0,475,313
2,0,475,314
2,0,475,315
2,0,475,316
2,0,475,339
2,0,475,340
2,0,475,341
2,0,475,342
2,0,475,343
2,0,475,344
2,0,475,427
2,0,475,428
2,0,475,429
2,0,475,430
2,0,475,468
2,0,475,469
2,0,475,470
2,0,476,313
2,0,476,314
2,0,476,315
2,0,476,337
2,0,476,338
2,0,476,339
2,0,476,340
2,0,476,341
2,0,476,342
2,0,476,428
2,0,476,429
2,0,476,430
2,0,476,469
2,0,476,470
2,0,476,471
2,0,477,312
2,0,477,313
2,0,477,314
2,0,477,335
2,0,477,336
2,0,477,337
2,0,477,338
2,0,477,339
2,0,477,340
2,0,477,429
2,0,477,430
2,0,477,431
2,0,477,469
2,0,477,470
2,0,477,471
2,0,478,312
2,0,478,313
2,0,478,314
2,0,478,333
2,0,478,334
2,0,478,335
2,0,478,336
2,0,478,337
2,0,478,338
2,0,478,430
2,0,478,431
2,0,478,432
2,0,478,469
2,0,478,470
2,0,478,471
2,0,479,311
2,0,479,312
2,0,479,313
2,0,479,331
2,0,479,332
2,0,479,333
2,0,479,334
2,0,479,335
2,0,479,336
2,0,479,430
2,0,479,431
2,0,479,432
2,0,479,433
2,0,479,469
2,0,479,470
2,0,479,471
2,0,480,311
2,0,480,312
2,0,480,313
2,0,480,330
2,0,480,331
2,0,480,332
2,0,480,333
2,0,480,334
2,0,480,431
2,0,480,432
2,0,480,433
2,0,480,434
2,0,480,470
2,0,480,471
2,0,480,472
2,0,481,310
2,0,481,311
2,0,481,312
2,0,481,328
2,0,481,329
2,0,481,330
2,0,481,331
2,0,481,332
2,0,481,432
2,0,481,433
2,0,481,434
2,0,481,435
2,0,481,470
2,0,481,471
2,0,481,472
2,0,482,309
2,0,482,310
2,0,482,311
2,0,482,312
2,0,482,326
2,0,482,327
2,0,482,328
2,0,482,329
2,0,482,330
2,0,482,331
2,0,482,433
2,0,482,434
2,0,482,435
2,0,482,470
2,0,482,471
2,0,482,472
2,0,483,309
2,0,483,310
2,0,483,311
2,0,483,324
2,0,483,325
2,0,483,326
2,0,483,327
2,0,483,328
2,0,483,329
2,0,483,434
2,0,483,435
2,0,483,436
2,0,483,470
2,0,483,471
2,0,483,472
2,0,484,308
2,0,484,309
2,0,484,310
2,0,484,323
2,0,484,324
2,0,484,325
2,0,484,326
2,0,484,327
2,0,484,435
2,0,484,436
2,0,484,437
2,0,484,471
2,0,484,472
2,0,485,308
2,0,485,309
2,0,485,310
2,0,485,321
2,0,485,322
2,0,485,323
2,0,485,324
2,0,485,325
2,0,485,435
2,0,485,436
2,0,485,437
2,0,485,438
2,0,485,471
2,0,485,472
2,0,485,473
2,0,486,307
2,0,486,308
2,0,486,309
2,0,486,319
2,0,486,320
2,0,486,321
2,0,486,322
2,0,486,323
2,0,486,324
2,0,486,436
2,0,486,437
2,0,486,438
2,0,486,439
2,0,486,471
2,0,486,472
2,0,486,473
2,0,487,307
2,0,487,308
2,0,487,309
2,0,487,318
2,0,487,319
2,0,487,320
2,0,487,321
2,0,487,322
2,0,487,437
2,0,487,438
2,0,487,439
2,0,487,440
2,0,487,471
2,0,487,472
2,0,487,473
2,0,488,307
2,0,488,308
2,0,488,309
2,0,488,316
2,0,488,317
2,0,488,318
2,0,488,319
2,0,488,320
2,0,488,438
2,0,488,439
2,0,488,440
2,0,488,441
2,0,488,471
2,0,488,472
2,0,488,473
2,0,489,306
2,0,489,307
2,0,489,308
2,0,489,315
2,0,489,316
2,0,489,317
2,0,489,318
2,0,489,319
2,0,489,439
2,0,489,440
2,0,489,441
2,0,489,442
2,0,489,472
2,0,489,473
2,0,490,306
2,0,490,307
2,0,490,308
2,0,490,313
2,0,490,314
2,0,490,315
2,0,490,316
2,0,490,317
2,0,490,440
2,0,490,441
2,0,490,442
2,0,490,443
2,0,490,472
2,0,490,473
2,0,491,305
2,0,491,306
2,0,491,307
2,0,491,312
2,0,491,313
2,0,491,314
2,0,491,315
2,0,491,316
2,0,491,441
2,0,491,442
2,0,491,443
2,0,491,444
2,0,491,472
2,0,491,473
2,0,491,474
2,0,492,305
2,0,492,306
2,0,492,307
2,0,492,311
2,0,492,312
2,0,492,313
2,0,492,314
2,0,492,442
2,0,492,443
2,0,492,444
2,0,492,445
2,0,492,472
2,0,492,473
2,0,492,474
2,0,493,305
2,0,493,306
2,0,493,309
2,0,493,310
2,0,493,311
2,0,493,312
2,0,493,313
2,0,493,443
2,0,493,444
2,0,493,445
2,0,493,446
2,0,493,472
2,0,493,473
2,0,493,474
2,0,494,304
2,0,494,305
2,0,494,306
2,0,494,308
2,0,494,309
2,0,494,310
2,0,494,311
2,0,494,312
2,0,494,444
2,0,494,445
2,0,494,446
2,0,494,472
2,0,494,473
2,0,494,474
2,0,495,304
2,0,495,305
2,0,495,306
2,0,495,307
2,0,495,308
2,0,495,309
2,0,495,310
2,0,495,445
2,0,495,446
2,0,495,447
2,0,495,473
2,0,495,474
2,0,496,303
2,0,496,304
2,0,496,305
2,0,496,306
2,0,496,307
2,0,496,308
2,0,496,309
2,0,496,446
2,0,496,447
2,0,496,448
2,0,496,473
2,0,496,474
2,0,497,303
2,0,497,304
2,0,497,305
2,0,497,306
2,0,497,307
2,0,497,308
2,0,497,447
2,0,497,448
2,0,497,449
2,0,497,473
2,0,497,474
2,0,497,475
2,0,498,303
2,0,498,304
2,0,498,305
2,0,498,306
2,0,498,307
2,0,498,448
2,0,498,449
2,0,498,450
2,0,498,473
2,0,498,474
2,0,498,475
2,0,499,302
2,0,499,303
2,0,499,304
2,0,499,305
2,0,499,449
2,0,499,450
2,0,499,451
2,0,499,473
2,0,499,474
2,0,499,475
2,0,500,302
2,0,500,303
2,0,500,304
2,0,500,305
2,0,500,450
2,0,500,451
2,0,500,452
2,0,500,453
2,0,500,473
2,0,500,474
2,0,500,475
2,0,501,303
2,0,501,304
2,0,501,451
2,0,501,452
2,0,501,453
2,0,501,454
2,0,501,473
2,0,501,474
2,0,501,475
2,0,502,452
2,0,502,453
2,0,502,454
2,0,502,455
2,0,502,473
2,0,502,474
2,0,502,475
2,0,503,453
2,0,503,454
2,0,503,455
2,0,503,456
2,0,503,474
2,0,503,475
2,0,504,454
2,0,504,455
2,0,504,456
2,0,504,457
2,0,504,474
2,0,504,475
2,0,505,455
2,0,505,456
2,0,505,457
2,0,505,458
2,0,505,474
2,0,505,475
2,0,505,476
2,0,506,456
2,0,506,457
2,0,506,458
2,0,506,459
2,0,506,474
2,0,506,475
2,0,506,476
2,0,507,457
2,0,507,458
2,0,507,459
2,0,507,460
2,0,507,474
2,0,507,475
2,0,507,476
2,0,508,458
2,0,508,459
2,0,508,460
2,0,508,461
2,0,508,474
2,0,508,475
2,0,508,476
2,0,509,459
2,0,509,460
2,0,509,461
2,0,509,462
2,0,509,463
2,0,509,474
2,0,509,475
2,0,509,476
2,0,510,461
2,0,510,462
2,0,510,463
2,0,510,464
2,0,510,474
2,0,510,475
2,0,510,476
2,0,511,462
2,0,511,463
2,0,511,464
2,0,511,465
2,0,511,474
2,0,511,475
2,0,511,476
2,0,512,463
2,0,512,464
2,0,512,465
2,0,512,466
2,0,512,474
2,0,512,475
2,0,512,476
2,0,513,464
2,0,513,465
2,0,513,466
2,0,513,467
2,0,513,475
2,0,513,476
2,0,514,465
2,0,514,466
2,0,514,467
2,0,514,468
2,0,514,469
2,0,514,475
2,0,514,476
2,0,515,467
2,0,515,468
2,0,515,469
2,0,515,470
2,0,515,475
2,0,515,476
2,0,516,468
2,0,516,469
2,0,516,470
2,0,516,471
2,0,516,475
2,0,516,476
2,0,517,469
2,0,517,470
2,0,517,471
2,0,517,472
2,0,517,473
2,0,517,475
2,0,517,476
2,0,517,477
2,0,518,470
2,0,518,471
2,0,518,472
2,0,518,473
2,0,518,474
2,0,518,475
2,0,518,476
2,0,518,477
2,0,519,472
2,0,519,473
2,0,519,474
2,0,519,475
2,0,519,476
2,0,519,477
2,0,520,473
2,0,520,474
2,0,520,475
2,0,520,476
2,0,520,477
2,0,521,474
2,0,521,475
2,0,521,476
2,0,521,477
2,0,522,476
3,0,281,156
3,0,281,157
3,0,281,158
3,0,281,159
3,0,281,160
3,0,281,161
3,0,281,162
3,0,281,163
3,0,281,164
3,0,281,165
3,0,281,166
3,0,281,167
3,0,281,168
3,0,281,169
3,0,281,170
3,0,281,171
3,0,281,172
3,0,281,173
3,0,282,130
3,0,282,131
3,0,282,132
3,0,282,133
3,0,282,134
3,0,282,135
3,0,282,136
3,0,282,137
3,0,282,138
3,0,282,139
3,0,282,140
3,0,282,141
3,0,282,142
3,0,282,143
3,0,282,144
3,0,282,145
3,0,282,146
3,0,282,147
3,0,282,148
3,0,282,149
3,0,282,150
3,0,282,151
3,0,282,152
3,0,282,153
3,0,282,154
3,0,282,155
3,0,282,156
3,0,282,157
3,0,282,158
3,0,282,159
3,0,282,160
3,0,282,161
3,0,282,162
3,0,282,163
3,0,282,164
3,0,282,165
3,0,282,166
3,0,282,167
3,0,282,168
3,0,282,169
3,0,282,170
3,0,282,171
3,0,282,172
3,0,282,173
3,0,282,174
3,0,282,175
3,0,282,176
3,0,282,177
3,0,282,178
3,0,282,179
3,0,282,180
3,0,282,181
3,0,282,182
3,0,282,183
3,0,282,184
3,0,282,185
3,0,282,186
3,0,282,187
3,0,282,188
3,0,282,189
3,0,282,190
3,0,282,191
3,0,282,192
3,0,282,193
3,0,282,194
3,0,282,195
3,0,282,196
3,0,282,197
3,0,282,198
3,0,283,116
3,0,283,117
3,0,283,118
3,0,283,119
3,0,283,120
3,0,283,121
3,0,283,122
3,0,283,123
3,0,283,124
3,0,283,125
3,0,283,126
3,0,283,127
3,0,283,128
3,0,283,129
3,0,283,130
3,0,283,131
3,0,283,132
3,0,283,133
3,0,283,134
3,0,283,135
3,0,283,136
3,0,283,137
3,0,283,138
3,0,283,139
3,0,283,140
3,0,283,141
3,0,283,142
3,0,283,143
3,0,283,144
3,0,283,145
3,0,283,146
3,0,283,147
3,0,283,148
3,0,283,149
3,0,283,150
3,0,283,151
3,0,283,152
3,0,283,153
3,0,283,154
3,0,283,155
3,0,283,156
3,0,283,157
3,0,283,158
3,0,283,159
3,0,283,160
3,0,283,161
3,0,283,162
3,0,283,163
3,0,283,164
3,0,283,165
3,0,283,166
3,0,283,167
3,0,283,168
3,0,283,169
3,0,283,170
3,0,283,171
3,0,283,172
3,0,283,173
3,0,283,174
3,0,283,175
3,0,283,176
3,0,283,177
3,0,283,178
3,0,283,179
3,0,283,180
3,0,283,181
3,0,283,182
3,0,283,183
3,0,283,184
3,0,283,185
3,0,283,186
3,0,283,187
3,0,283,188
3,0,283,189
3,0,283,190
3,0,283,191
3,0,283,192
3,0,283,193
3,0,283,194
3,0,283,195
3,0,283,196
3,0,283,197
3,0,283,198
3,0,283,199
3,0,283,200
3,0,283,201
3,0,283,202
3,0,283,203
3,0,283,204
3,0,283,205
3,0,283,206
3,0,283,207
3,0,283,208
3,0,283,209
3,0,283,210
3,0,284,104
3,0,284,105
3,0,284,106
3,0,284,107
3,0,284,108
3,0,284,109
3,0,284,110
3,0,284,111
3,0,284,112
3,0,284,113
3,0,284,114
3,0,284,115
3,0,284,116
3,0,284,117
3,0,284,118
3,0,284,119
3,0,284,120
3,0,284,121
3,0,284,122
3,0,284,123
3,0,284,124
3,0,284,125
3,0,284,126
3,0,284,127
3,0,284,128
3,0,284,129
3,0,284,130
3,0,284,131
3,0,284,132
3,0,284,133
3,0,284,134
3,0,284,135
3,0,284,136
3,0,284,137
3,0,284,138
3,0,284,139
3,0,284,140
3,0,284,141
3,0,284,142
3,0,284,143
3,0,284,144
3,0,284,145
3,0,284,146
3,0,284,147
3,0,284,148
3,0,284,149
3,0,284,150
3,0,284,151
3,0,284,152
3,0,284,153
3,0,284,154
3,0,284,155
3,0,284,156
3,0,284,157
3,0,284,158
3,0,284,172
3,0,284,173
3,0,284,174
3,0,284,175
3,0,284,176
3,0,284,177
3,0,284,178
3,0,284,179
3,0,284,180
3,0,284,181
3,0,284,182
3,0,284,183
3,0,284,184
3,0,284,185
3,0,284,186
3,0,284,187
3,0,284,188
3,0,284,189
3,0,284,190
3,0,284,191
3,0,284,192
3,0,284,193
3,0,284,194
3,0,284,195
3,0,284,196
3,0,284,197
3,0,284,198
3,0,284,199
3,0,284,200
3,0,284,201
3,0,284,202
3,0,284,203
3,0,284,204
3,0,284,205
3,0,284,206
3,0,284,207
3,0,284,208
3,0,284,209
3,0,284,210
3,0,284,211
3,0,284,212
3,0,284,213
3,0,284,214
3,0,284,215
3,0,284,216
3,0,284,217
3,0,284,218
3,0,284,219
3,0,284,220
3,0,285,94
3,0,285,95
3,0,285,96
3,0,285,97
3,0,285,98
3,0,285,99
3,0,285,100
3,0,285,101
3,0,285,102
3,0,285,103
3,0,285,104
3,0,285,105
3,0,285,106
3,0,285,107
3,0,285,108
3,0,285,109
3,0,285,110
3,0,285,111
3,0,285,112
3,0,285,113
3,0,285,114
3,0,285,115
3,0,285,116
3,0,285,117
3,0,285,118
3,0,285,119
3,0,285,120
3,0,285,121
3,0,285,122
3,0,285,123
3,0,285,124
3,0,285,125
3,0,285,126
3,0,285,127
3,0,285,128
3,0,285,129
3,0,285,130
3,0,285,199
3,0,285,200
3,0,285,201
3,0,285,202
3,0,285,203
3,0,285,204
3,0,285,205
3,0,285,206
3,0,285,207
3,0,285,208
3,0,285,209
3,0,285,210
3,0,285,211
3,0,285,212
3,0,285,213
3,0,285,214
3,0,285,215
3,0,285,216
3,0,285,217
3,0,285,218
3,0,285,219
3,0,285,220
3,0,285,221
3,0,285,222
3,0,285,223
3,0,285,224
3,0,285,225
3,0,285,226
3,0,285,227
3,0,286,85
3,0,286,86
3,0,286,87
3,0,286,88
3,0,286,89
3,0,286,90
3,0,286,91
3,0,286,92
3,0,286,93
3,0,286,94
3,0,286,95
3,0,286,96
3,0,286,97
3,0,286,98
3,0,286,99
3,0,286,100
3,0,286,101
3,0,286,102
3,0,286,103
3,0,286,104
3,0,286,105
3,0,286,106
3,0,286,107
3,0,286,108
3,0,286,109
3,0,286,110
3,0,286,111
3,0,286,112
3,0,286,113
3,0,286,114
3,0,286,115
3,0,286,116
3,0,286,211
3,0,286,212
3,0,286,213
3,0,286,214
3,0,286,215
3,0,286,216
3,0,286,217
3,0,286,218
3,0,286,219
3,0,286,220
3,0,286,221
3,0,286,222
3,0,286,223
3,0,286,224
3,0,286,225
3,0,286,226
3,0,286,227
3,0,286,228
3,0,286,229
3,0,286,230
3,0,287,77
3,0,287,78
3,0,287,79
3,0,287,80
3,0,287,81
3,0,287,82
3,0,287,83
3,0,287,84
3,0,287,85
3,0,287,86
3,0,287,87
3,0,287,88
3,0,287,89
3,0,287,90
3,0,287,91
3,0,287,92
3,0,287,93
3,0,287,94
3,0,287,95
3,0,287,96
3,0,287,97
3,0,287,98
3,0,287,99
3,0,287,100
3,0,287,101
3,0,287,102
3,0,287,103
3,0,287,104
3,0,287,220
3,0,287,221
3,0,287,222
3,0,287,223
3,0,287,224
3,0,287,225
3,0,287,226
3,0,287,227
3,0,287,228
3,0,287,229
3,0,287,230
3,0,287,231
3,0,287,232
3,0,288,69
3,0,288,70
3,0,288,71
3,0,288,72
3,0,288,73
3,0,288,74
3,0,288,75
3,0,288,76
3,0,288,77
3,0,288,78
3,0,288,79
3,0,288,80
3,0,288,81
3,0,288,82
3,0,288,83
3,0,288,84
3,0,288,85
3,0,288,86
3,0,288,87
3,0,288,88
3,0,288,89
3,0,288,90
3,0,288,91
3,0,288,92
3,0,288,93
3,0,288,94
3,0,288,228
3,0,288,229
3,0,288,230
3,0,288,231
3,0,288,232
3,0,288,233
3,0,289,62
3,0,289,63
3,0,289,64
3,0,289,65
3,0,289,66
3,0,289,67
3,0,289,68
3,0,289,69
3,0,289,70
3,0,289,71
3,0,289,72
3,0,289,73
3,0,289,74
3,0,289,75
3,0,289,76
3,0,289,77
3,0,289,78
3,0,289,79
3,0,289,80
3,0,289,81
3,0,289,82
3,0,289,83
3,0,289,84
3,0,289,85
3,0,289,230
3,0,289,231
3,0,289,232
3,0,289,233
3,0,289,234
3,0,290,55
3,0,290,56
3,0,290,57
3,0,290,58
3,0,290,59
3,0,290,60
3,0,290,61
3,0,290,62
3,0,290,63
3,0,290,64
3,0,290,65
3,0,290,66
3,0,290,67
3,0,290,68
3,0,290,69
3,0,290,70
3,0,290,71
3,0,290,72
3,0,290,73
3,0,290,74
3,0,290,75
3,0,290,76
3,0,290,232
3,0,290,233
3,0,290,234
3,0,291,48
3,0,291,49
3,0,291,50
3,0,291,51
3,0,291,52
3,0,291,53
3,0,291,54
3,0,291,55
3,0,291,56
3,0,291,57
3,0,291,58
3,0,291,59
3,0,291,60
3,0,291,61
3,0,291,62
3,0,291,63
3,0,291,64
3,0,291,65
3,0,291,66
3,0,291,67
3,0,291,68
3,0,291,69
3,0,291,232
3,0,291,233
3,0,291,234
3,0,292,41
3,0,292,42
3,0,292,43
3,0,292,44
3,0,292,45
3,0,292,46
3,0,292,47
3,0,292,48
3,0,292,49
3,0,292,50
3,0,292,51
3,0,292,52
3,0,292,53
3,0,292,54
3,0,292,55
3,0,292,56
3,0,292,57
3,0,292,58
3,0,292,59
3,0,292,60
3,0,292,61
3,0,292,232
3,0,292,233
3,0,292,234
3,0,292,235
3,0,293,34
3,0,293,35
3,0,293,36
3,0,293,37
3,0,293,38
3,0,293,39
3,0,293,40
3,0,293,41
3,0,293,42
3,0,293,43
3,0,293,44
3,0,293,45
3,0,293,46
3,0,293,47
3,0,293,48
3,0,293,49
3,0,293,50
3,0,293,51
3,0,293,52
3,0,293,53
3,0,293,54
3,0,293,233
3,0,293,234
3,0,293,235
3,0,294,32
3,0,294,33
3,0,294,34
3,0,294,35
3,0,294,36
3,0,294,37
3,0,294,38
3,0,294,39
3,0,294,40
3,0,294,41
3,0,294,42
3,0,294,43
3,0,294,44
3,0,294,45
3,0,294,46
3,0,294,47
3,0,294,233
3,0,294,234
3,0,294,235
3,0,295,30
3,0,295,31
3,0,295,32
3,0,295,33
3,0,295,34
3,0,295,35
3,0,295,36
3,0,295,37
3,0,295,38
3,0,295,39
3,0,295,40
3,0,295,233
3,0,295,234
3,0,295,235
3,0,296,29
3,0,296,30
3,0,296,31
3,0,296,32
3,0,296,33
3,0,296,34
3,0,296,233
3,0,296,234
3,0,296,235
3,0,297,29
3,0,297,30
3,0,297,31
3,0,297,233
3,0,297,234
3,0,297,235
3,0,298,28
3,0,298,29
3,0,298,30
3,0,298,233
3,0,298,234
3,0,298,235
3,0,299,28
3,0,299,29
3,0,299,30
3,0,299,233
3,0,299,234
3,0,299,235
3,0,300,28
3,0,300,29
3,0,300,30
3,0,300,233
3,0,300,234
3,0,300,235
3,0,301,28
3,0,301,29
3,0,301,30
3,0,301,233
3,0,301,234
3,0,301,235
3,0,302,27
3,0,302,28
3,0,302,29
3,0,302,30
3,0,302,233
3,0,302,234
3,0,302,235
3,0,303,27
3,0,303,28
3,0,303,29
3,0,303,233
3,0,303,234
3,0,303,235
3,0,304,27
3,0,304,28
3,0,304,29
3,0,304,233
3,0,304,234
3,0,304,235
3,0,305,27
3,0,305,28
3,0,305,29
3,0,305,233
3,0,305,234
3,0,305,235
3,0,306,27
3,0,306,28
3,0,306,29
3,0,306,233
3,0,306,234
3,0,306,235
3,0,307,27
3,0,307,28
3,0,307,29
3,0,307,233
3,0,307,234
3,0,307,235
3,0,308,27
3,0,308,28
3,0,308,29
3,0,308,233
3,0,308,234
3,0,308,235
3,0,308,236
3,0,309,27
3,0,309,28
3,0,309,29
3,0,309,234
3,0,309,235
3,0,309,236
3,0,310,27
3,0,310,28
3,0,310,29
3,0,310,234
3,0,310,235
3,0,310,236
3,0,311,27
3,0,311,28
3,0,311,29
3,0,311,234
3,0,311,235
3,0,311,236
3,0,312,27
3,0,312,28
3,0,312,29
3,0,312,234
3,0,312,235
3,0,312,236
3,0,313,27
3,0,313,28
3,0,313,29
3,0,313,234
3,0,313,235
3,0,313,236
3,0,314,27
3,0,314,28
3,0,314,29
3,0,314,234
3,0,314,235
3,0,314,236
3,0,315,27
3,0,315,28
3,0,315,29
3,0,315,234
3,0,315,235
3,0,315,236
3,0,316,27
3,0,316,28
3,0,316,29
3,0,316,234
3,0,316,235
3,0,316,236
3,0,317,27
3,0,317,28
3,0,317,29
3,0,317,234
3,0,317,235
3,0,317,236
3,0,318,27
3,0,318,28
3,0,318,29
3,0,318,234
3,0,318,235
3,0,318,236
3,0,319,27
3,0,319,28
3,0,319,29
3,0,319,234
3,0,319,235
3,0,319,236
3,0,320,27
3,0,320,28
3,0,320,29
3,0,320,234
3,0,320,235
3,0,320,236
3,0,321,27
3,0,321,28
3,0,321,29
3,0,321,234
3,0,321,235
3,0,321,236
3,0,322,27
3,0,322,28
3,0,322,29
3,0,322,234
3,0,322,235
3,0,322,236
3,0,323,27
3,0,323,28
3,0,323,29
3,0,323,234
3,0,323,235
3,0,323,236
3,0,324,27
3,0,324,28
3,0,324,29
3,0,324,234
3,0,324,235
3,0,324,236
3,0,325,27
3,0,325,28
3,0,325,29
3,0,325,234
3,0,325,235
3,0,325,236
3,0,326,27
3,0,326,28
3,0,326,29
3,0,326,234
3,0,326,235
3,0,326,236
3,0,327,27
3,0,327,28
3,0,327,29
3,0,327,235
3,0,327,236
3,0,327,237
3,0,328,26
3,0,328,27
3,0,328,28
3,0,328,29
3,0,328,235
3,0,328,236
3,0,328,237
3,0,329,26
3,0,329,27
3,0,329,28
3,0,329,235
3,0,329,236
3,0,329,237
3,0,330,26
3,0,330,27
3,0,330,28
3,0,330,235
3,0,330,236
3,0,330,237
3,0,331,26
3,0,331,27
3,0,331,28
3,0,331,235
3,0,331,236
3,0,331,237
3,0,332,26
3,0,332,27
3,0,332,28
3,0,332,235
3,0,332,236
3,0,332,237
3,0,333,26
3,0,333,27
3,0,333,28
3,0,333,235
3,0,333,236
3,0,333,237
3,0,334,26
3,0,334,27
3,0,334,28
3,0,334,235
3,0,334,236
3,0,334,237
3,0,335,26
3,0,335,27
3,0,335,28
3,0,335,235
3,0,335,236
3,0,335,237
3,0,336,26
3,0,336,27
3,0,336,28
3,0,336,235
3,0,336,236
3,0,336,237
3,0,337,26
3,0,337,27
3,0,337,28
3,0,337,235
3,0,337,236
3,0,337,237
3,0,338,26
3,0,338,27
3,0,338,28
3,0,338,235
3,0,338,236
3,0,338,237
3,0,339,26
3,0,339,27
3,0,339,28
3,0,339,235
3,0,339,236
3,0,339,237
3,0,340,26
3,0,340,27
3,0,340,28
3,0,340,235
3,0,340,236
3,0,340,237
3,0,341,26
3,0,341,27
3,0,341,28
3,0,341,235
3,0,341,236
3,0,341,237
3,0,342,26
3,0,342,27
3,0,342,28
3,0,342,235
3,0,342,236
3,0,342,237
3,0,343,26
3,0,343,27
3,0,343,28
3,0,343,235
3,0,343,236
3,0,343,237
3,0,344,26
3,0,344,27
3,0,344,28
3,0,344,235
3,0,344,236
3,0,344,237
3,0,345,26
3,0,345,27
3,0,345,28
3,0,345,235
3,0,345,236
3,0,345,237
3,0,345,238
3,0,346,26
3,0,346,27
3,0,346,28
3,0,346,236
3,0,346,237
3,0,346,238
3,0,347,26
3,0,347,27
3,0,347,28
3,0,347,236
3,0,347,237
3,0,347,238
3,0,348,26
3,0,348,27
3,0,348,28
3,0,348,236
3,0,348,237
3,0,348,238
3,0,349,26
3,0,349,27
3,0,349,28
3,0,349,236
3,0,349,237
3,0,349,238
3,0,350,26
3,0,350,27
3,0,350,28
3,0,350,236
3,0,350,237
3,0,350,238
3,0,351,26
3,0,351,27
3,0,351,28
3,0,351,236
3,0,351,237
3,0,351,238
3,0,352,26
3,0,352,27
3,0,352,28
3,0,352,236
3,0,352,237
3,0,352,238
3,0,353,26
3,0,353,27
3,0,353,28
3,0,353,236
3,0,353,237
3,0,353,238
3,0,354,26
3,0,354,27
3,0,354,28
3,0,354,236
3,0,354,237
3,0,354,238
3,0,355,26
3,0,355,27
3,0,355,28
3,0,355,236
3,0,355,237
3,0,355,238
3,0,356,26
3,0,356,27
3,0,356,28
3,0,356,236
3,0,356,237
3,0,356,238
3,0,357,25
3,0,357,26
3,0,357,27
3,0,357,28
3,0,357,236
3,0,357,237
3,0,357,238
3,0,358,25
3,0,358,26
3,0,358,27
3,0,358,236
3,0,358,237
3,0,358,238
3,0,359,25
3,0,359,26
3,0,359,27
3,0,359,236
3,0,359,237
3,0,359,238
3,0,360,25
3,0,360,26
3,0,360,27
3,0,360,236
3,0,360,237
3,0,360,238
3,0,361,25
3,0,361,26
3,0,361,27
3,0,361,236
3,0,361,237
3,0,361,238
3,0,362,25
3,0,362,26
3,0,362,27
3,0,362,236
3,0,362,237
3,0,362,238
3,0,363,25
3,0,363,26
3,0,363,27
3,0,363,236
3,0,363,237
3,0,363,238
3,0,364,25
3,0,364,26
3,0,364,27
3,0,364,237
3,0,364,238
3,0,364,239
3,0,365,25
3,0,365,26
3,0,365,27
3,0,365,237
3,0,365,238
3,0,365,239
3,0,366,25
3,0,366,26
3,0,366,27
3,0,366,237
3,0,366,238
3,0,366,239
3,0,367,25
3,0,367,26
3,0,367,27
3,0,367,237
3,0,367,238
3,0,367,239
3,0,368,25
3,0,368,26
3,0,368,27
3,0,368,237
3,0,368,238
3,0,368,239
3,0,369,25
3,0,369,26
3,0,369,27
3,0,369,237
3,0,369,238
3,0,369,239
3,0,370,25
3,0,370,26
3,0,370,27
3,0,370,237
3,0,370,238
3,0,370,239
3,0,371,25
3,0,371,26
3,0,371,27
3,0,371,237
3,0,371,238
3,0,371,239
3,0,372,25
3,0,372,26
3,0,372,27
3,0,372,237
3,0,372,238
3,0,372,239
3,0,373,25
3,0,373,26
3,0,373,27
3,0,373,237
3,0,373,238
3,0,373,239
3,0,374,25
3,0,374,26
3,0,374,27
3,0,374,237
3,0,374,238
3,0,374,239
3,0,375,25
3,0,375,26
3,0,375,27
3,0,375,237
3,0,375,238
3,0,375,239
3,0,376,25
3,0,376,26
3,0,376,27
3,0,376,237
3,0,376,238
3,0,376,239
3,0,377,25
3,0,377,26
3,0,377,27
3,0,377,237
3,0,377,238
3,0,377,239
3,0,378,25
3,0,378,26
3,0,378,27
3,0,378,237
3,0,378,238
3,0,378,239
3,0,379,25
3,0,379,26
3,0,379,27
3,0,379,237
3,0,379,238
3,0,379,239
3,0,380,25
3,0,380,26
3,0,380,27
3,0,380,237
3,0,380,238
3,0,380,239
3,0,381,25
3,0,381,26
3,0,381,27
3,0,381,237
3,0,381,238
3,0,381,239
3,0,382,25
3,0,382,26
3,0,382,27
3,0,382,237
3,0,382,238
3,0,382,239
3,0,382,240
3,0,383,25
3,0,383,26
3,0,383,27
3,0,383,238
3,0,383,239
3,0,383,240
3,0,384,25
3,0,384,26
3,0,384,27
3,0,384,238
3,0,384,239
3,0,384,240
3,0,385,25
3,0,385,26
3,0,385,27
3,0,385,238
3,0,385,239
3,0,385,240
3,0,386,25
3,0,386,26
3,0,386,27
3,0,386,238
3,0,386,239
3,0,386,240
3,0,387,25
3,0,387,26
3,0,387,27
3,0,387,238
3,0,387,239
3,0,387,240
3,0,388,25
3,0,388,26
3,0,388,27
3,0,388,238
3,0,388,239
3,0,388,240
3,0,389,25
3,0,389,26
3,0,389,27
3,0,389,238
3,0,389,239
3,0,389,240
3,0,390,25
3,0,390,26
3,0,390,27
3,0,390,238
3,0,390,239
3,0,390,240
3,0,391,25
3,0,391,26
3,0,391,27
3,0,391,238
3,0,391,239
3,0,391,240
3,0,392,25
3,0,392,26
3,0,392,27
3,0,392,238
3,0,392,239
3,0,392,240
3,0,393,25
3,0,393,26
3,0,393,27
3,0,393,238
3,0,393,239
3,0,393,240
3,0,394,25
3,0,394,26
3,0,394,27
3,0,394,238
3,0,394,239
3,0,394,240
3,0,395,25
3,0,395,26
3,0,395,27
3,0,395,238
3,0,395,239
3,0,395,240
3,0,396,25
3,0,396,26
3,0,396,27
3,0,396,238
3,0,396,239
3,0,396,240
3,0,397,25
3,0,397,26
3,0,397,27
3,0,397,238
3,0,397,239
3,0,397,240
3,0,398,25
3,0,398,26
3,0,398,27
3,0,398,238
3,0,398,239
3,0,398,240
3,0,399,25
3,0,399,26
3,0,399,27
3,0,399,238
3,0,399,239
3,0,399,240
3,0,400,24
3,0,400,25
3,0,400,26
3,0,400,27
3,0,400,238
3,0,400,239
3,0,400,240
3,0,401,24
3,0,401,25
3,0,401,26
3,0,401,27
3,0,401,239
3,0,401,240
3,0,401,241
3,0,402,24
3,0,402,25
3,0,402,26
3,0,402,27
3,0,402,239
3,0,402,240
3,0,402,241
3,0,403,24
3,0,403,25
3,0,403,26
3,0,403,239
3,0,403,240
3,0,403,241
3,0,404,24
3,0,404,25
3,0,404,26
3,0,404,239
3,0,404,240
3,0,404,241
3,0,405,24
3,0,405,25
3,0,405,26
3,0,405,239
3,0,405,240
3,0,405,241
3,0,406,24
3,0,406,25
3,0,406,26
3,0,406,239
3,0,406,240
3,0,406,241
3,0,407,24
3,0,407,25
3,0,407,26
3,0,407,239
3,0,407,240
3,0,407,241
3,0,408,24
3,0,408,25
3,0,408,26
3,0,408,239
3,0,408,240
3,0,408,241
3,0,409,24
3,0,409,25
3,0,409,26
3,0,409,239
3,0,409,240
3,0,409,241
3,0,410,24
3,0,410,25
3,0,410,26
3,0,410,239
3,0,410,240
3,0,410,241
3,0,411,24
3,0,411,25
3,0,411,26
3,0,411,239
3,0,411,240
3,0,411,241
3,0,412,24
3,0,412,25
3,0,412,26
3,0,412,239
3,0,412,240
3,0,412,241
3,0,413,24
3,0,413,25
3,0,413,26
3,0,413,239
3,0,413,240
3,0,413,241
3,0,414,24
3,0,414,25
3,0,414,26
3,0,414,239
3,0,414,240
3,0,414,241
3,0,415,24
3,0,415,25
3,0,415,26
3,0,415,239
3,0,415,240
3,0,415,241
3,0,416,24
3,0,416,25
3,0,416,26
3,0,416,239
3,0,416,240
3,0,416,241
3,0,417,24
3,0,417,25
3,0,417,26
3,0,417,239
3,0,417,240
3,0,417,241
3,0,418,24
3,0,418,25
3,0,418,26
3,0,418,239
3,0,418,240
3,0,418,241
3,0,419,24
3,0,419,25
3,0,419,26
3,0,419,239
3,0,419,240
3,0,419,241
3,0,419,242
3,0,420,24
3,0,420,25
3,0,420,26
3,0,420,240
3,0,420,241
3,0,420,242
3,0,421,24
3,0,421,25
3,0,421,26
3,0,421,240
3,0,421,241
3,0,421,242
3,0,422,24
3,0,422,25
3,0,422,26
3,0,422,240
3,0,422,241
3,0,422,242
3,0,423,24
3,0,423,25
3,0,423,26
3,0,423,240
3,0,423,241
3,0,423,242
3,0,424,24
3,0,424,25
3,0,424,26
3,0,424,240
3,0,424,241
3,0,424,242
3,0,425,24
3,0,425,25
3,0,425,26
3,0,425,240
3,0,425,241
3,0,425,242
3,0,426,24
3,0,426,25
3,0,426,26
3,0,426,240
3,0,426,241
3,0,426,242
3,0,427,24
3,0,427,25
3,0,427,26
3,0,427,27
3,0,427,240
3,0,427,241
3,0,427,242
3,0,428,25
3,0,428,26
3,0,428,27
3,0,428,240
3,0,428,241
3,0,428,242
3,0,429,25
3,0,429,26
3,0,429,27
3,0,429,240
3,0,429,241
3,0,429,242
3,0,430,25
3,0,430,26
3,0,430,27
3,0,430,240
3,0,430,241
3,0,430,242
3,0,431,25
3,0,431,26
3,0,431,27
3,0,431,240
3,0,431,241
3,0,431,242
3,0,432,25
3,0,432,26
3,0,432,27
3,0,432,240
3,0,432,241
3,0,432,242
3,0,433,25
3,0,433,26
3,0,433,27
3,0,433,240
3,0,433,241
3,0,433,242
3,0,434,25
3,0,434,26
3,0,434,27
3,0,434,240
3,0,434,241
3,0,434,242
3,0,435,25
3,0,435,26
3,0,435,27
3,0,435,240
3,0,435,241
3,0,435,242
3,0,436,25
3,0,436,26
3,0,436,27
3,0,436,240
3,0,436,241
3,0,436,242
3,0,437,25
3,0,437,26
3,0,437,27
3,0,437,240
3,0,437,241
3,0,437,242
3,0,438,25
3,0,438,26
3,0,438,27
3,0,438,241
3,0,438,242
3,0,438,243
3,0,439,25
3,0,439,26
3,0,439,27
3,0,439,241
3,0,439,242
3,0,439,243
3,0,440,25
3,0,440,26
3,0,440,27
3,0,440,241
3,0,440,242
3,0,440,243
3,0,441,25
3,0,441,26
3,0,441,27
3,0,441,241
3,0,441,242
3,0,441,243
3,0,442,25
3,0,442,26
3,0,442,27
3,0,442,241
3,0,442,242
3,0,442,243
3,0,443,25
3,0,443,26
3,0,443,27
3,0,443,241
3,0,443,242
3,0,443,243
3,0,444,25
3,0,444,26
3,0,444,27
3,0,444,241
3,0,444,242
3,0,444,243
3,0,445,25
3,0,445,26
3,0,445,27
3,0,445,241
3,0,445,242
3,0,445,243
3,0,446,25
3,0,446,26
3,0,446,27
3,0,446,241
3,0,446,242
3,0,446,243
3,0,447,25
3,0,447,26
3,0,447,27
3,0,447,241
3,0,447,242
3,0,447,243
3,0,448,25
3,0,448,26
3,0,448,27
3,0,448,241
3,0,448,242
3,0,448,243
3,0,449,25
3,0,449,26
3,0,449,27
3,0,449,241
3,0,449,242
3,0,449,243
3,0,450,25
3,0,450,26
3,0,450,27
3,0,450,241
3,0,450,242
3,0,450,243
3,0,451,25
3,0,451,26
3,0,451,27
3,0,451,241
3,0,451,242
3,0,451,243
3,0,452,25
3,0,452,26
3,0,452,27
3,0,452,241
3,0,452,242
3,0,452,243
3,0,453,25
3,0,453,26
3,0,453,27
3,0,453,241
3,0,453,242
3,0,453,243
3,0,454,25
3,0,454,26
3,0,454,27
3,0,454,241
3,0,454,242
3,0,454,243
3,0,455,25
3,0,455,26
3,0,455,27
3,0,455,241
3,0,455,242
3,0,455,243
3,0,456,25
3,0,456,26
3,0,456,27
3,0,456,241
3,0,456,242
3,0,456,243
3,0,456,244
3,0,457,25
3,0,457,26
3,0,457,27
3,0,457,242
3,0,457,243
3,0,457,244
3,0,458,25
3,0,458,26
3,0,458,27
3,0,458,242
3,0,458,243
3,0,458,244
3,0,459,26
3,0,459,27
3,0,459,28
3,0,459,242
3,0,459,243
3,0,459,244
3,0,460,26
3,0,460,27
3,0,460,28
3,0,460,242
3,0,460,243
3,0,460,244
3,0,461,26
3,0,461,27
3,0,461,28
3,0,461,242
3,0,461,243
3,0,461,244
3,0,462,26
3,0,462,27
3,0,462,28
3,0,462,242
3,0,462,243
3,0,462,244
3,0,463,26
3,0,463,27
3,0,463,28
3,0,463,242
3,0,463,243
3,0,463,244
3,0,464,26
3,0,464,27
3,0,464,28
3,0,464,242
3,0,464,243
3,0,464,244
3,0,465,26
3,0,465,27
3,0,465,28
3,0,465,242
3,0,465,243
3,0,465,244
3,0,466,26
3,0,466,27
3,0,466,28
3,0,466,242
3,0,466,243
3,0,466,244
3,0,467,26
3,0,467,27
3,0,467,28
3,0,467,242
3,0,467,243
3,0,467,244
3,0,468,26
3,0,468,27
3,0,468,28
3,0,468,242
3,0,468,243
3,0,468,244
3,0,469,26
3,0,469,27
3,0,469,28
3,0,469,242
3,0,469,243
3,0,469,244
3,0,470,26
3,0,470,27
3,0,470,28
3,0,470,242
3,0,470,243
3,0,470,244
3,0,471,26
3,0,471,27
3,0,471,28
3,0,471,242
3,0,471,243
3,0,471,244
3,0,472,26
3,0,472,27
3,0,472,28
3,0,472,242
3,0,472,243
3,0,472,244
3,0,473,26
3,0,473,27
3,0,473,28
3,0,473,242
3,0,473,243
3,0,473,244
3,0,474,26
3,0,474,27
3,0,474,28
3,0,474,242
3,0,474,243
3,0,474,244
3,0,475,26
3,0,475,27
3,0,475,28
3,0,475,29
3,0,475,243
3,0,475,244
3,0,475,245
3,0,476,27
3,0,476,28
3,0,476,29
3,0,476,243
3,0,476,244
3,0,476,245
3,0,477,27
3,0,477,28
3,0,477,29
3,0,477,243
3,0,477,244
3,0,477,245
3,0,478,27
3,0,478,28
3,0,478,29
3,0,478,243
3,0,478,244
3,0,478,245
3,0,479,27
3,0,479,28
3,0,479,29
3,0,479,243
3,0,479,244
3,0,479,245
3,0,480,27
3,0,480,28
3,0,480,29
3,0,480,243
3,0,480,244
3,0,480,245
3,0,481,27
3,0,481,28
3,0,481,29
3,0,481,243
3,0,481,244
3,0,481,245
3,0,482,27
3,0,482,28
3,0,482,29
3,0,482,243
3,0,482,244
3,0,482,245
3,0,483,27
3,0,483,28
3,0,483,29
3,0,483,243
3,0,483,244
3,0,483,245
3,0,484,27
3,0,484,28
3,0,484,29
3,0,484,243
3,0,484,244
3,0,484,245
3,0,485,27
3,0,485,28
3,0,485,29
3,0,485,243
3,0,485,244
3,0,485,245
3,0,486,27
3,0,486,28
3,0,486,29
3,0,486,243
3,0,486,244
3,0,486,245
3,0,487,28
3,0,487,29
3,0,487,30
3,0,487,243
3,0,487,244
3,0,487,245
3,0,488,28
3,0,488,29
3,0,488,30
3,0,488,243
3,0,488,244
3,0,488,245
3,0,489,28
3,0,489,29
3,0,489,30
3,0,489,243
3,0,489,244
3,0,489,245
3,0,490,28
3,0,490,29
3,0,490,30
3,0,490,243
3,0,490,244
3,0,490,245
3,0,491,28
3,0,491,29
3,0,491,30
3,0,491,243
3,0,491,244
3,0,491,245
3,0,492,28
3,0,492,29
3,0,492,30
3,0,492,243
3,0,492,244
3,0,492,245
3,0,493,28
3,0,493,29
3,0,493,30
3,0,493,243
3,0,493,244
3,0,493,245
3,0,493,246
3,0,494,28
3,0,494,29
3,0,494,30
3,0,494,244
3,0,494,245
3,0,494,246
3,0,495,28
3,0,495,29
3,0,495,30
3,0,495,244
3,0,495,245
3,0,495,246
3,0,496,28
3,0,496,29
3,0,496,30
3,0,496,244
3,0,496,245
3,0,496,246
3,0,497,29
3,0,497,30
3,0,497,31
3,0,497,244
3,0,497,245
3,0,497,246
3,0,498,29
3,0,498,30
3,0,498,31
3,0,498,244
3,0,498,245
3,0,498,246
3,0,499,29
3,0,499,30
3,0,499,31
3,0,499,244
3,0,499,245
3,0,499,246
3,0,500,29
3,0,500,30
3,0,500,31
3,0,500,244
3,0,500,245
3,0,500,246
3,0,501,29
3,0,501,30
3,0,501,31
3,0,501,244
3,0,501,245
3,0,501,246
3,0,502,29
3,0,502,30
3,0,502,31
3,0,502,244
3,0,502,245
3,0,502,246
3,0,503,29
3,0,503,30
3,0,503,31
3,0,503,244
3,0,503,245
3,0,503,246
3,0,504,29
3,0,504,30
3,0,504,31
3,0,504,244
3,0,504,245
3,0,504,246
3,0,505,29
3,0,505,30
3,0,505,31
3,0,505,32
3,0,505,244
3,0,505,245
3,0,505,246
3,0,506,30
3,0,506,31
3,0,506,32
3,0,506,244
3,0,506,245
3,0,506,246
3,0,507,30
3,0,507,31
3,0,507,32
3,0,507,243
3,0,507,244
3,0,507,245
3,0,508,30
3,0,508,31
3,0,508,32
3,0,508,238
3,0,508,239
3,0,508,240
3,0,508,241
3,0,508,242
3,0,508,243
3,0,508,244
3,0,508,245
3,0,509,30
3,0,509,31
3,0,509,32
3,0,509,229
3,0,509,230
3,0,509,231
3,0,509,232
3,0,509,233
3,0,509,234
3,0,509,235
3,0,509,236
3,0,509,237
3,0,509,238
3,0,509,239
3,0,509,240
3,0,509,241
3,0,509,242
3,0,509,243
3,0,509,244
3,0,509,245
3,0,510,30
3,0,510,31
3,0,510,32
3,0,510,220
3,0,510,221
3,0,510,222
3,0,510,223
3,0,510,224
3,0,510,225
3,0,510,226
3,0,510,227
3,0,510,228
3,0,510,229
3,0,510,230
3,0,510,231
3,0,510,232
3,0,510,233
3,0,510,234
3,0,510,235
3,0,510,236
3,0,510,237
3,0,510,238
3,0,510,239
3,0,510,240
3,0,510,241
3,0,510,242
3,0,510,243
3,0,511,30
3,0,511,31
3,0,511,32
3,0,511,210
3,0,511,211
3,0,511,212
3,0,511,213
3,0,511,214
3,0,511,215
3,0,511,216
3,0,511,217
3,0,511,218
3,0,511,219
3,0,511,220
3,0,511,221
3,0,511,222
3,0,511,223
3,0,511,224
3,0,511,225
3,0,511,226
3,0,511,227
3,0,511,228
3,0,511,229
3,0,511,230
3,0,511,231
3,0,511,232
3,0,511,233
3,0,511,234
3,0,511,235
3,0,511,236
3,0,511,237
3,0,512,30
3,0,512,31
3,0,512,32
3,0,512,199
3,0,512,200
3,0,512,201
3,0,512,202
3,0,512,203
3,0,512,204
3,0,512,205
3,0,512,206
3,0,512,207
3,0,512,208
3,0,512,209
3,0,512,210
3,0,512,211
3,0,512,212
3,0,512,213
3,0,512,214
3,0,512,215
3,0,512,216
3,0,512,217
3,0,512,218
3,0,512,219
3,0,512,220
3,0,512,221
3,0,512,222
3,0,512,223
3,0,512,224
3,0,512,225
3,0,512,226
3,0,512,227
3,0,512,228
3,0,513,31
3,0,513,32
3,0,513,33
3,0,513,188
3,0,513,189
3,0,513,190
3,0,513,191
3,0,513,192
3,0,513,193
3,0,513,194
3,0,513,195
3,0,513,196
3,0,513,197
3,0,513,198
3,0,513,199
3,0,513,200
3,0,513,201
3,0,513,202
3,0,513,203
3,0,513,204
3,0,513,205
3,0,513,206
3,0,513,207
3,0,513,208
3,0,513,209
3,0,513,210
3,0,513,211
3,0,513,212
3,0,513,213
3,0,513,214
3,0,513,215
3,0,513,216
3,0,513,217
3,0,513,218
3,0,513,219
3,0,514,31
3,0,514,32
3,0,514,33
3,0,514,176
3,0,514,177
3,0,514,178
3,0,514,179
3,0,514,180
3,0,514,181
3,0,514,182
3,0,514,183
3,0,514,184
3,0,514,185
3,0,514,186
3,0,514,187
3,0,514,188
3,0,514,189
3,0,514,190
3,0,514,191
3,0,514,192
3,0,514,193
3,0,514,194
3,0,514,195
3,0,514,196
3,0,514,197
3,0,514,198
3,0,514,199
3,0,514,200
3,0,514,201
3,0,514,202
3,0,514,203
3,0,514,204
3,0,514,205
3,0,514,206
3,0,514,207
3,0,514,208
3,0,514,209
3,0,515,31
3,0,515,32
3,0,515,33
3,0,515,164
3,0,515,165
3,0,515,166
3,0,515,167
3,0,515,168
3,0,515,169
3,0,515,170
3,0,515,171
3,0,515,172
3,0,515,173
3,0,515,174
3,0,515,175
3,0,515,176
3,0,515,177
3,0,515,178
3,0,515,179
3,0,515,180
3,0,515,181
3,0,515,182
3,0,515,183
3,0,515,184
3,0,515,185
3,0,515,186
3,0,515,187
3,0,515,188
3,0,515,189
3,0,515,190
3,0,515,191
3,0,515,192
3,0,515,193
3,0,515,194
3,0,515,195
3,0,515,196
3,0,515,197
3,0,515,198
3,0,515,199
3,0,516,31
3,0,516,32
3,0,516,33
3,0,516,149
3,0,516,150
3,0,516,151
3,0,516,152
3,0,516,153
3,0,516,154
3,0,516,155
3,0,516,156
3,0,516,157
3,0,516,158
3,0,516,159
3,0,516,160
3,0,516,161
3,0,516,162
3,0,516,163
3,0,516,164
3,0,516,165
3,0,516,166
3,0,516,167
3,0,516,168
3,0,516,169
3,0,516,170
3,0,516,171
3,0,516,172
3,0,516,173
3,0,516,174
3,0,516,175
3,0,516,176
3,0,516,177
3,0,516,178
3,0,516,179
3,0,516,180
3,0,516,181
3,0,516,182
3,0,516,183
3,0,516,184
3,0,516,185
3,0,516,186
3,0,516,187
3,0,516,188
3,0,517,31
3,0,517,32
3,0,517,33
3,0,517,133
3,0,517,134
3,0,517,135
3,0,517,136
3,0,517,137
3,0,517,138
3,0,517,139
3,0,517,140
3,0,517,141
3,0,517,142
3,0,517,143
3,0,517,144
3,0,517,145
3,0,517,146
3,0,517,147
3,0,517,148
3,0,517,149
3,0,517,150
3,0,517,151
3,0,517,152
3,0,517,153
3,0,517,154
3,0,517,155
3,0,517,156
3,0,517,157
3,0,517,158
3,0,517,159
3,0,517,160
3,0,517,161
3,0,517,162
3,0,517,163
3,0,517,164
3,0,517,165
3,0,517,166
3,0,517,167
3,0,517,168
3,0,517,169
3,0,517,170
3,0,517,171
3,0,517,172
3,0,517,173
3,0,517,174
3,0,517,175
3,0,517,176
3,0,518,31
3,0,518,32
3,0,518,33
3,0,518,114
3,0,518,115
3,0,518,116
3,0,518,117
3,0,518,118
3,0,518,119
3,0,518,120
3,0,518,121
3,0,518,122
3,0,518,123
3,0,518,124
3,0,518,125
3,0,518,126
3,0,518,127
3,0,518,128
3,0,518,129
3,0,518,130
3,0,518,131
3,0,518,132
3,0,518,133
3,0,518,134
3,0,518,135
3,0,518,136
3,0,518,137
3,0,518,138
3,0,518,139
3,0,518,140
3,0,518,141
3,0,518,142
3,0,518,143
3,0,518,144
3,0,518,145
3,0,518,146
3,0,518,147
3,0,518,148
3,0,518,149
3,0,518,150
3,0,518,151
3,0,518,152
3,0,518,153
3,0,518,154
3,0,518,155
3,0,518,156
3,0,518,157
3,0,518,158
3,0,518,159
3,0,518,160
3,0,518,161
3,0,518,162
3,0,518,163
3,0,519,31
3,0,519,32
3,0,519,33
3,0,519,36
3,0,519,37
3,0,519,38
3,0,519,39
3,0,519,40
3,0,519,41
3,0,519,42
3,0,519,89
3,0,519,90
3,0,519,91
3,0,519,92
3,0,519,93
3,0,519,94
3,0,519,95
3,0,519,96
3,0,519,97
3,0,519,98
3,0,519,99
3,0,519,100
3,0,519,101
3,0,519,102
3,0,519,103
3,0,519,104
3,0,519,105
3,0,519,106
3,0,519,107
3,0,519,108
3,0,519,109
3,0,519,110
3,0,519,111
3,0,519,112
3,0,519,113
3,0,519,114
3,0,519,115
3,0,519,116
3,0,519,117
3,0,519,118
3,0,519,119
3,0,519,120
3,0,519,121
3,0,519,122
3,0,519,123
3,0,519,124
3,0,519,125
3,0,519,126
3,0,519,127
3,0,519,128
3,0,519,129
3,0,519,130
3,0,519,131
3,0,519,132
3,0,519,133
3,0,519,134
3,0,519,135
3,0,519,136
3,0,519,137
3,0,519,138
3,0,519,139
3,0,519,140
3,0,519,141
3,0,519,142
3,0,519,143
3,0,519,144
3,0,519,145
3,0,519,146
3,0,519,147
3,0,519,148
3,0,519,149
3,0,520,32
3,0,520,33
3,0,520,34
3,0,520,35
3,0,520,36
3,0,520,37
3,0,520,38
3,0,520,39
3,0,520,40
3,0,520,41
3,0,520,42
3,0,520,43
3,0,520,44
3,0,520,45
3,0,520,46
3,0,520,47
3,0,520,48
3,0,520,49
3,0,520,50
3,0,520,51
3,0,520,52
3,0,520,53
3,0,520,54
3,0,520,55
3,0,520,56
3,0,520,57
3,0,520,58
3,0,520,59
3,0,520,60
3,0,520,61
3,0,520,62
3,0,520,63
3,0,520,64
3,0,520,65
3,0,520,66
3,0,520,67
3,0,520,68
3,0,520,69
3,0,520,70
3,0,520,71
3,0,520,72
3,0,520,73
3,0,520,74
3,0,520,75
3,0,520,76
3,0,520,77
3,0,520,78
3,0,520,79
3,0,520,80
3,0,520,81
3,0,520,82
3,0,520,83
3,0,520,84
3,0,520,85
3,0,520,86
3,0,520,87
3,0,520,88
3,0,520,89
3,0,520,90
3,0,520,91
3,0,520,92
3,0,520,93
3,0,520,94
3,0,520,95
3,0,520,96
3,0,520,97
3,0,520,98
3,0,520,99
3,0,520,100
3,0,520,101
3,0,520,102
3,0,520,103
3,0,520,104
3,0,520,105
3,0,520,106
3,0,520,107
3,0,520,108
3,0,520,109
3,0,520,110
3,0,520,111
3,0,520,112
3,0,520,113
3,0,520,114
3,0,520,115
3,0,520,116
3,0,520,117
3,0,520,118
3,0,520,119
3,0,520,120
3,0,520,121
3,0,520,122
3,0,520,123
3,0,520,124
3,0,520,125
3,0,520,126
3,0,520,127
3,0,520,128
3,0,520,129
3,0,520,130
3,0,520,131
3,0,520,132
3,0,521,32
3,0,521,33
3,0,521,34
3,0,521,35
3,0,521,36
3,0,521,37
3,0,521,38
3,0,521,39
3,0,521,40
3,0,521,41
3,0,521,42
3,0,521,43
3,0,521,44
3,0,521,45
3,0,521,46
3,0,521,47
3,0,521,48
3,0,521,49
3,0,521,50
3,0,521,51
3,0,521,52
3,0,521,53
3,0,521,54
3,0,521,55
3,0,521,56
3,0,521,57
3,0,521,58
3,0,521,59
3,0,521,60
3,0,521,61
3,0,521,62
3,0,521,63
3,0,521,64
3,0,521,65
3,0,521,66
3,0,521,67
3,0,521,68
3,0,521,69
3,0,521,70
3,0,521,71
3,0,521,72
3,0,521,73
3,0,521,74
3,0,521,75
3,0,521,76
3,0,521,77
3,0,521,78
3,0,521,79
3,0,521,80
3,0,521,81
3,0,521,82
3,0,521,83
3,0,521,84
3,0,521,85
3,0,521,86
3,0,521,87
3,0,521,88
3,0,521,89
3,0,521,90
3,0,521,91
3,0,521,92
3,0,521,93
3,0,521,94
3,0,521,95
3,0,521,96
3,0,521,97
3,0,521,98
3,0,521,99
3,0,521,100
3,0,521,101
3,0,521,102
3,0,521,103
3,0,521,104
3,0,521,105
3,0,521,106
3,0,521,107
3,0,521,108
3,0,521,109
3,0,521,110
3,0,521,111
3,0,521,112
3,0,521,113
3,0,522,32
3,0,522,33
3,0,522,34
3,0,522,35
3,0,522,36
3,0,522,39
3,0,522,40
3,0,522,41
3,0,522,42
3,0,522,43
3,0,522,44
3,0,522,45
3,0,522,46
3,0,522,47
3,0,522,48
3,0,522,49
3,0,522,50
3,0,522,51
3,0,522,52
3,0,522,53
3,0,522,54
3,0,522,55
3,0,522,56
3,0,522,57
3,0,522,58
3,0,522,59
3,0,522,60
3,0,522,61
3,0,522,62
3,0,522,63
3,0,522,64
3,0,522,65
3,0,522,66
3,0,522,67
3,0,522,68
3,0,522,69
3,0,522,70
3,0,522,71
3,0,522,72
3,0,522,73
3,0,522,74
3,0,522,75
3,0,522,76
3,0,522,77
3,0,522,78
3,0,522,79
3,0,522,80
3,0,522,81
3,0,522,82
3,0,522,83
3,0,522,84
3,0,522,85
3,0,522,86
3,0,522,87
3,0,522,88
3,0,522,89
3,0,523,33
3,0,523,40
3,0,523,41
3,0,523,42
